item,sample,stratum,city,source,text,n_incidents,hand_code,classify_text_raw,classify_text_as_deployed,note,classify_text_v2,city_in_analysis,correct_as_deployed,correct_v2
1,primary,class,Asheville,arcgis,Larceny/Theft Offenses LARCENY PURSE-SNATCHING,144,MASS_1,MASS_1,MASS_1,,MASS_1,False,True,True
2,primary,class,Asheville,arcgis,All Other LARCENY PURSE-SNATCHING,2,MASS_1,MASS_1,MASS_1,,MASS_1,False,True,True
3,primary,certainty,Asheville,arcgis,Larceny/Theft Offenses LARCENY SHOPLIFTING,15684,MASS_2,MASS_2,MASS_2,,MASS_2,False,True,True
4,primary,class,Asheville,arcgis,All Other LARCENY FROM MOTOR VEHICLE,4083,MASS_2,MASS_2,MASS_2,,MASS_2,False,True,True
5,primary,class,Asheville,arcgis,All Other LARCENY FROM MOTOR VEHICLE NON-FORCE,3,MASS_2,MASS_2,MASS_2,,MASS_2,False,True,True
6,primary,class,Asheville,arcgis,Burglary/Breaking & Entering BREAKING OR ENTERING - FELONY - BUSINESS - NO FORCE,736,MASS_5,MASS_4,MASS_4,,MASS_5,False,False,True
7,primary,class,Asheville,arcgis,Burglary/Breaking & Entering ASSAULT ON FEMALE,47,AMBIG,MASS_4,MASS_4,"NIBRS group says burglary, offense text says assault on female",MASS_4,False,,
8,primary,class,Asheville,arcgis,Larceny/Theft Offenses LARCENY OF AUTO PARTS,1028,MASS_5,MASS_5,MASS_5,,MASS_5,False,True,True
9,primary,class,Asheville,arcgis,Larceny/Theft Offenses LARCENY MOTOR VEHICLE PARTS,10,MASS_5,MASS_5,MASS_5,,MASS_5,False,True,True
10,primary,class,Asheville,arcgis,All Other LARCENY OF AUTO PARTS,4,MASS_5,MASS_5,MASS_5,,MASS_5,False,True,True
11,primary,class,Asheville,arcgis,Arson UNLAWFUL BURNING,8,NO_LOOT,NO_LOOT,NO_LOOT,,NO_LOOT,False,True,True
12,primary,volume,Asheville,arcgis,All Other DOMESTIC VIOLENCE INTIMATE PARTNER,3097,OTHER,OTHER,OTHER,,OTHER,False,True,True
13,primary,volume,Asheville,arcgis,All Other MISSING PERSON REPORT,1982,OTHER,OTHER,OTHER,,OTHER,False,True,True
14,primary,volume,Asheville,arcgis,Disorderly Conduct DISORDERLY CONDUCT,351,OTHER,OTHER,OTHER,,OTHER,False,True,True
15,primary,volume,Asheville,arcgis,Prostitution Offenses PURCHASING PROSTITUTION,4,OTHER,OTHER,OTHER,,OTHER,False,True,True
16,primary,volume,Asheville,arcgis,All Other LIQUOR LAW VIOLATIONS,3,OTHER,OTHER,OTHER,,OTHER,False,True,True
17,primary,class,Baltimore,arcgis,SHOPLIFTING,14740,MASS_2,MASS_2,MASS_2,,MASS_2,True,True,True
18,primary,class,Baltimore,arcgis,LARCENY,25927,MASS_3,MASS_3,MASS_3,,MASS_3,True,True,True
19,primary,class,Baltimore,arcgis,BURGLARY,15810,MASS_4,MASS_4,MASS_4,,MASS_4,True,True,True
20,primary,volume,Baltimore,arcgis,AUTO THEFT,28266,MVT,MVT,MVT,,MVT,True,True,True
21,primary,class,Baltimore,arcgis,LARCENY OF MOTOR VEHICLE PARTS OR ACCESSORIES,9835,MASS_5,MASS_5,MASS_5,,MASS_5,True,True,True
22,primary,volume,Baltimore,arcgis,VANDALISM,39843,NO_LOOT,NO_LOOT,NO_LOOT,,NO_LOOT,True,True,True
23,primary,class,Baltimore,arcgis,ARSON,573,NO_LOOT,NO_LOOT,NO_LOOT,,NO_LOOT,True,True,True
24,primary,certainty,Baltimore,arcgis,COMMON ASSAULT,44278,OTHER,OTHER,OTHER,,OTHER,True,True,True
25,primary,volume,Baltimore,arcgis,AGG. ASSAULT,25488,OTHER,OTHER,OTHER,,OTHER,True,True,True
26,primary,volume,Baltimore,arcgis,FRAUD,12534,OTHER,OTHER,OTHER,,OTHER,True,True,True
27,primary,volume,Baltimore,arcgis,INTIMIDATION,6434,OTHER,OTHER,OTHER,,OTHER,True,True,True
28,primary,volume,Baltimore,arcgis,SEX OFFENSES,895,OTHER,OTHER,OTHER,,OTHER,True,True,True
29,primary,volume,Baltimore,arcgis,ROBBERY,13086,ROBBERY,ROBBERY,ROBBERY,,ROBBERY,True,True,True
30,primary,class,Baltimore,arcgis,ROBBERY - COMMERCIAL,2288,ROBBERY,ROBBERY,ROBBERY,,ROBBERY,True,True,True
31,primary,volume,Boise,arcgis,VEHICLE BURGLARY - THEFT FROM A VEHICLE Vehicle Burglary Burglary from Vehicle,1155,MASS_2,MASS_4,MASS_4,,MASS_2,False,False,True
32,primary,class,Boise,arcgis,BURGLARY - A COMMERCIAL Burglary Burglary Breaking and Entering,390,MASS_5,MASS_5,MASS_5,,MASS_5,False,True,True
33,primary,class,Boise,arcgis,BURGLARY - A COMMERCIAL Burglary  Attempted Burglary Breaking and Entering,37,MASS_5,MASS_5,MASS_5,,MASS_5,False,True,True
34,primary,class,Boise,arcgis,BURGLARY - A COMMERCIAL Burglary Vehicle Burglary Breaking and Entering,12,AMBIG,MASS_5,MASS_5,charge 'BURGLARY - A COMMERCIAL' but incident type 'Vehicle Burglary',MASS_5,False,,
35,primary,class,Boise,arcgis,BURGLARY - A COMMERCIAL Burglary Report Burglary Breaking and Entering,6,MASS_5,MASS_5,MASS_5,,MASS_5,False,True,True
36,primary,class,Boise,arcgis,BURGLARY-COMMERCIAL UNDER $300 (M)- 1ST TIME OFFENSE Assault Aggravated Shoplifting,2,AMBIG,MASS_5,MASS_5,"charge, incident type and crime code name three different offenses",MASS_5,False,,
37,primary,class,Boise,arcgis,AGGRAVATED ASSAULT Vandalism Aggravated Assault Battery,1,AMBIG,NO_LOOT,NO_LOOT,"charge aggravated assault, incident type vandalism",NO_LOOT,False,,
38,primary,certainty,Boise,arcgis,BATTERY Battery Simple Assault Battery,3008,OTHER,OTHER,OTHER,,OTHER,False,True,True
39,primary,volume,Boise,arcgis,"ASSAULT - MISD, THREATS Threat Intimidation",13,OTHER,OTHER,OTHER,,OTHER,False,True,True
40,primary,volume,Boise,arcgis,"ASSAULT - MISD, THREATS Intimidation of Witness Intimidation",1,OTHER,OTHER,OTHER,,OTHER,False,True,True
41,primary,class,Charlotte,arcgis,Purse-Snatching,1190,MASS_1,MASS_1,MASS_1,,MASS_1,True,True,True
42,primary,certainty,Charlotte,arcgis,Theft From Motor Vehicle,85291,MASS_2,MASS_2,MASS_2,,MASS_2,True,True,True
43,primary,volume,Charlotte,arcgis,Shoplifting,52713,MASS_2,MASS_2,MASS_2,,MASS_2,True,True,True
44,primary,volume,Charlotte,arcgis,Theft From Building,9374,MASS_3,MASS_3,MASS_3,,MASS_3,True,True,True
45,primary,class,Charlotte,arcgis,Identity Theft,9184,OTHER,MASS_3,MASS_3,,OTHER,True,False,True
46,primary,class,Charlotte,arcgis,Stolen Property Offenses,6394,OTHER,MASS_3,MASS_3,receiving/possessing; location is where the possessor was found,OTHER,True,False,True
47,primary,volume,Charlotte,arcgis,Burglary/B&E,40182,MASS_4,MASS_4,MASS_4,,MASS_4,True,True,True
48,primary,class,Charlotte,arcgis,Motor Vehicle Theft,42861,MVT,MVT,MVT,,MVT,True,True,True
49,primary,class,Charlotte,arcgis,Theft of Motor Vehicle Parts from Vehicle,13838,MASS_5,MASS_5,MASS_5,,MASS_5,True,True,True
50,primary,volume,Charlotte,arcgis,Damage/Vandalism Of Property,49538,NO_LOOT,NO_LOOT,NO_LOOT,,NO_LOOT,True,True,True
51,primary,class,Charlotte,arcgis,Arson,1233,NO_LOOT,NO_LOOT,NO_LOOT,,NO_LOOT,True,True,True
52,primary,volume,Charlotte,arcgis,All Other Offenses,83747,OTHER,OTHER,OTHER,,OTHER,True,True,True
53,primary,volume,Charlotte,arcgis,Drug/Narcotic Violations,32536,OTHER,OTHER,OTHER,,OTHER,True,True,True
54,primary,volume,Charlotte,arcgis,Aggravated Assault,25989,OTHER,OTHER,OTHER,,OTHER,True,True,True
55,primary,class,Charlotte,arcgis,Credit Card/Teller Fraud,9603,OTHER,OTHER,OTHER,,OTHER,True,True,True
56,primary,volume,Charlotte,arcgis,Counterfeiting/Forgery,5154,OTHER,OTHER,OTHER,,OTHER,True,True,True
57,primary,volume,Charlotte,arcgis,Suicide,4684,OTHER,OTHER,OTHER,,OTHER,True,True,True
58,primary,volume,Charlotte,arcgis,Overdose,4640,OTHER,OTHER,OTHER,,OTHER,True,True,True
59,primary,volume,Charlotte,arcgis,Wire Fraud,431,OTHER,OTHER,OTHER,,OTHER,True,True,True
60,primary,volume,Charlotte,arcgis,Statutory Rape,301,OTHER,OTHER,OTHER,,OTHER,True,True,True
61,primary,volume,Charlotte,arcgis,Robbery,14210,ROBBERY,ROBBERY,ROBBERY,,ROBBERY,True,True,True
62,primary,class,Chattanooga,arcgis,Purse Snatching,185,MASS_1,MASS_1,MASS_1,,MASS_1,False,True,True
63,primary,volume,Chattanooga,arcgis,Shoplifting,25321,MASS_2,MASS_2,MASS_2,,MASS_2,False,True,True
64,primary,class,Chattanooga,arcgis,Theft From Motor Vehicle,23731,MASS_2,MASS_2,MASS_2,,MASS_2,False,True,True
65,primary,class,Chattanooga,arcgis,All Other Larceny,20113,MASS_3,MASS_3,MASS_3,,MASS_3,False,True,True
66,primary,volume,Chattanooga,arcgis,"Stolen Property Offenses (Receiving, Etc.)",730,OTHER,MASS_3,MASS_3,receiving/possessing; location is where the possessor was found,OTHER,False,False,True
67,primary,volume,Chattanooga,arcgis,Motor Vehicle Theft,14026,MVT,MVT,MVT,,MVT,False,True,True
68,primary,volume,Chattanooga,arcgis,Theft Of Motor Vehicle Parts Or Accessories,6245,MASS_5,MASS_5,MASS_5,,MASS_5,False,True,True
69,primary,class,Chattanooga,arcgis,Destructive/Damage/Vandalism Of Property,29079,NO_LOOT,NO_LOOT,NO_LOOT,,NO_LOOT,False,True,True
70,primary,certainty,Chattanooga,arcgis,Miscellaneous Information,193964,OTHER,OTHER,OTHER,,OTHER,False,True,True
71,primary,volume,Chattanooga,arcgis,Simple Assault,31412,OTHER,OTHER,OTHER,,OTHER,False,True,True
72,primary,volume,Chattanooga,arcgis,Serving Warrant,17361,OTHER,OTHER,OTHER,,OTHER,False,True,True
73,primary,class,Chattanooga,arcgis,Aggravated Assault,14313,OTHER,OTHER,OTHER,,OTHER,False,True,True
74,primary,volume,Chattanooga,arcgis,Mental Health Call,13394,OTHER,OTHER,OTHER,,OTHER,False,True,True
75,primary,volume,Chattanooga,arcgis,All Other Traffic Offenses,8207,OTHER,OTHER,OTHER,,OTHER,False,True,True
76,primary,volume,Chattanooga,arcgis,False Pretense/Swindle/Confidence Game,7273,OTHER,OTHER,OTHER,,OTHER,False,True,True
77,primary,class,Chattanooga,arcgis,Alarm Business,5169,OTHER,OTHER,OTHER,,OTHER,False,True,True
78,primary,volume,Chattanooga,arcgis,Missing Person,4489,OTHER,OTHER,OTHER,,OTHER,False,True,True
79,primary,class,Chattanooga,arcgis,Alarm Residental,3557,OTHER,OTHER,OTHER,,OTHER,False,True,True
80,primary,class,Chattanooga,arcgis,Accidental Overdose,2554,OTHER,OTHER,OTHER,,OTHER,False,True,True
81,primary,class,Chattanooga,arcgis,Accidental Injury,1495,OTHER,OTHER,OTHER,,OTHER,False,True,True
82,primary,volume,Chattanooga,arcgis,Undetermind Injury,24,OTHER,OTHER,OTHER,,OTHER,False,True,True
83,primary,volume,Chattanooga,arcgis,Justifiable Homicide,16,OTHER,OTHER,OTHER,,OTHER,False,True,True
84,primary,class,Chattanooga,arcgis,Robbery,3038,ROBBERY,ROBBERY,ROBBERY,,ROBBERY,False,True,True
85,primary,class,Denver,arcgis,robbery-purse-snatch-w-force robbery,225,ROBBERY,MASS_1,MASS_1,,ROBBERY,False,False,True
86,primary,class,Denver,arcgis,theft-purse-snatch-no-force larceny,199,MASS_1,MASS_1,MASS_1,,MASS_1,False,True,True
87,primary,volume,Denver,arcgis,theft-shoplift larceny,14766,MASS_2,MASS_2,MASS_2,,MASS_2,False,True,True
88,primary,volume,Denver,arcgis,theft-other larceny,24431,MASS_3,MASS_3,MASS_3,,MASS_3,False,True,True
89,primary,class,Denver,arcgis,theft-from-bldg larceny,9426,MASS_3,MASS_3,MASS_3,,MASS_3,False,True,True
90,primary,volume,Denver,arcgis,theft-unauth-use-of-ftd white-collar-crime,834,OTHER,MASS_3,MASS_3,,OTHER,False,False,True
91,primary,class,Denver,arcgis,stolen-property-buy-sell-rec all-other-crimes,155,OTHER,OTHER,MASS_3,receiving/possessing; location is where the possessor was found,OTHER,False,False,True
92,primary,class,Denver,arcgis,burglary-residence-no-force burglary,7259,MASS_4,MASS_4,MASS_4,,MASS_4,False,True,True
93,primary,class,Denver,arcgis,burglary-business-by-force burglary,8575,MASS_5,MASS_4,MASS_5,,MASS_5,False,True,True
94,primary,class,Denver,arcgis,burglary-business-no-force burglary,2262,MASS_5,MASS_4,MASS_5,,MASS_5,False,True,True
95,primary,certainty,Denver,arcgis,theft-of-motor-vehicle auto-theft,55190,MVT,MASS_3,MVT,,MVT,False,True,True
96,primary,class,Denver,arcgis,theft-items-from-vehicle theft-from-motor-vehicle,37916,MASS_2,MVT,MVT,,MASS_2,False,False,True
97,primary,class,Denver,arcgis,theft-parts-from-vehicle theft-from-motor-vehicle,23973,MASS_5,MVT,MVT,,MASS_5,False,False,True
98,primary,volume,Denver,arcgis,theft-stln-vehicle-trailer auto-theft,910,MVT,MASS_3,MVT,,MVT,False,True,True
99,primary,class,Denver,arcgis,burg-auto-theft-resd-w-force burglary,109,AMBIG,MASS_4,MVT,residential burglary in which a vehicle was taken; MASS_4 and MVT both apply,MVT,False,,
100,primary,class,Denver,arcgis,criminal-mischief-mtr-veh public-disorder,28479,NO_LOOT,OTHER,NO_LOOT,,NO_LOOT,False,True,True
101,primary,class,Denver,arcgis,criminal-mischief-graffiti public-disorder,2139,NO_LOOT,NO_LOOT,NO_LOOT,,NO_LOOT,False,True,True
102,primary,class,Denver,arcgis,arson-other arson,321,NO_LOOT,NO_LOOT,NO_LOOT,,NO_LOOT,False,True,True
103,primary,volume,Denver,arcgis,forgery-checks white-collar-crime,545,OTHER,OTHER,OTHER,,OTHER,False,True,True
104,primary,volume,Denver,arcgis,police-disobey-lawful-order all-other-crimes,123,OTHER,OTHER,OTHER,,OTHER,False,True,True
105,primary,volume,Denver,arcgis,forgery-poss-of-forged-inst white-collar-crime,61,OTHER,OTHER,OTHER,,OTHER,False,True,True
106,primary,class,Denver,arcgis,robbery-street robbery,2848,ROBBERY,ROBBERY,ROBBERY,,ROBBERY,False,True,True
107,primary,volume,Denver,arcgis,robbery-business robbery,1814,ROBBERY,ROBBERY,ROBBERY,,ROBBERY,False,True,True
108,primary,class,Denver,arcgis,robbery-bank robbery,179,ROBBERY,ROBBERY,ROBBERY,,ROBBERY,False,True,True
109,primary,class,Duluth,arcgis,Purse-Snatching,12,MASS_1,MASS_1,MASS_1,,MASS_1,False,True,True
110,primary,certainty,Duluth,arcgis,Shoplifting,2890,MASS_2,MASS_2,MASS_2,,MASS_2,False,True,True
111,primary,class,Duluth,arcgis,Larceny from Motor Vehicle,2483,MASS_2,MASS_2,MASS_2,,MASS_2,False,True,True
112,primary,class,Duluth,arcgis,Larceny All Other,2392,MASS_3,MASS_3,MASS_3,,MASS_3,False,True,True
113,primary,volume,Duluth,arcgis,Identity Theft,157,OTHER,MASS_3,MASS_3,,OTHER,False,False,True
114,primary,class,Duluth,arcgis,Disorderly Conduct,942,OTHER,OTHER,OTHER,,OTHER,False,True,True
115,primary,volume,Duluth,arcgis,Credit Card/ATM Fraud,703,OTHER,OTHER,OTHER,,OTHER,False,True,True
116,primary,class,Long Beach,arcgis,PURSE SNATCHING LARCENY/THEFT OFFENSES,14,MASS_1,MASS_1,MASS_1,,MASS_1,False,True,True
117,primary,class,Long Beach,arcgis,SHOPLIFTING LARCENY/THEFT OFFENSES,734,MASS_2,MASS_2,MASS_2,,MASS_2,False,True,True
118,primary,class,Long Beach,arcgis,ALL OTHER LARCENY LARCENY/THEFT OFFENSES,490,MASS_3,MASS_3,MASS_3,,MASS_3,False,True,True
119,primary,volume,Long Beach,arcgis,MOTOR VEHICLE THEFT MOTOR VEHICLE THEFT,1376,MVT,MVT,MVT,,MVT,False,True,True
120,primary,class,Long Beach,arcgis,ARSON ARSON,95,NO_LOOT,NO_LOOT,NO_LOOT,,NO_LOOT,False,True,True
121,primary,certainty,Long Beach,arcgis,SIMPLE ASSAULT SIMPLE ASSAULT,2032,OTHER,OTHER,OTHER,,OTHER,False,True,True
122,primary,class,Long Beach,arcgis,DRUG/NARCOTIC VIOLATIONS DRUG/NARCOTIC OFFENSES,263,OTHER,OTHER,OTHER,,OTHER,False,True,True
123,primary,class,Louisville,arcgis,"THEFT/LARCENY TBUT OR DISP PURSESNATCHING $500 < $1,000",2,MASS_1,MASS_1,MASS_1,,MASS_1,False,True,True
124,primary,class,Louisville,arcgis,"THEFT/LARCENY TBUT OR DISP SHOPLIFTING $500 < $1,000",331,MASS_2,MASS_2,MASS_2,,MASS_2,False,True,True
125,primary,class,Louisville,arcgis,"THEFT/LARCENY TBUT OR DISP SHOPLIFTING $1,000 < $10,000",294,MASS_2,MASS_2,MASS_2,,MASS_2,False,True,True
126,primary,certainty,Louisville,arcgis,VEHICLE BREAK-IN/THEFT TBUT OR DISP CONTENTS FROM VEH,2011,MASS_2,MASS_3,MASS_3,,MASS_2,False,False,True
127,primary,volume,Louisville,arcgis,"THEFT/LARCENY TBUT OR DISP POCKETPICKING $500 < $1,000",8,MASS_1,MASS_1,MASS_1,,MASS_1,False,True,True
128,primary,volume,Louisville,arcgis,BURGLARY BURGLARY - 3RD DEGREE,1550,MASS_4,MASS_4,MASS_4,KY 3rd-degree burglary is statutorily non-residential; text says only BURGLARY,MASS_4,False,True,True
129,primary,class,Louisville,arcgis,THEFT/LARCENY TBUT OR DISP BICYCLES,136,MASS_4,MASS_4,MASS_4,,MASS_4,False,True,True
130,primary,class,Louisville,arcgis,"MOTOR VEHICLE THEFT TBUT OR DISP AUTO $10,000 < $1,000,000",1865,MVT,MVT,MVT,,MVT,False,True,True
131,primary,class,Louisville,arcgis,ROBBERY ROBBERY - 1ST DEGREE,740,ROBBERY,ROBBERY,ROBBERY,,ROBBERY,False,True,True
132,primary,class,Nashville,arcgis,SHOPLIFTING,31154,MASS_2,MASS_2,MASS_2,,MASS_2,False,True,True
133,primary,class,Nashville,arcgis,BURGLARY - MOTOR VEHICLE,8193,MASS_2,MASS_4,MASS_4,,MASS_2,False,False,True
134,primary,class,Nashville,arcgis,BURGLARY - AGGRAVATED,2695,MASS_4,MASS_4,MASS_4,,MASS_4,False,True,True
135,primary,class,Nashville,arcgis,VEHICLE THEFT,30132,MVT,MVT,MVT,,MVT,False,True,True
136,primary,class,Nashville,arcgis,"VEHICLE THEFT, CRIMINAL ATTEMPT",1,MVT,MVT,MVT,,MVT,False,True,True
137,primary,class,Nashville,arcgis,ARSON - RESID,108,NO_LOOT,NO_LOOT,NO_LOOT,,NO_LOOT,False,True,True
138,primary,certainty,Nashville,arcgis,POLICE INQUIRY,178717,OTHER,OTHER,OTHER,,OTHER,False,True,True
139,primary,volume,Nashville,arcgis,SIMPLE ASSLT,54169,OTHER,OTHER,OTHER,,OTHER,False,True,True
140,primary,volume,Nashville,arcgis,LOST PROPERTY,31989,OTHER,OTHER,OTHER,,OTHER,False,True,True
141,primary,volume,Nashville,arcgis,TRANSPORT,18993,OTHER,OTHER,OTHER,,OTHER,False,True,True
142,primary,volume,Nashville,arcgis,ASSAULT- OFFENSIVE OR PROVOCATIVE CONTACT,16059,OTHER,OTHER,OTHER,,OTHER,False,True,True
143,primary,volume,Nashville,arcgis,POSSESSION OF A CONTROLLED SUBSTANCE,6767,OTHER,OTHER,OTHER,,OTHER,False,True,True
144,primary,volume,Nashville,arcgis,OVERDOSE,2563,OTHER,OTHER,OTHER,,OTHER,False,True,True
145,primary,class,Nashville,arcgis,ACCIDENTAL INJURY,1685,OTHER,OTHER,OTHER,,OTHER,False,True,True
146,primary,volume,Nashville,arcgis,"HARASSMENT- CAUSE EMOTIONAL DISTRESS, INTIMIDATE, FRIGHTEN",1558,OTHER,OTHER,OTHER,,OTHER,False,True,True
147,primary,volume,Nashville,arcgis,"Assault, Aggravated - Strangulation - Int/Kn",580,OTHER,OTHER,OTHER,,OTHER,False,True,True
148,primary,volume,Nashville,arcgis,AMPHETAMINE - POSSESS,248,OTHER,OTHER,OTHER,,OTHER,False,True,True
149,primary,volume,Nashville,arcgis,STALKING - AGGRAVATED,145,OTHER,OTHER,OTHER,,OTHER,False,True,True
150,primary,volume,Nashville,arcgis,"Assault, Aggravated - Deadly Weapon - Int/Kn - In Concert",84,OTHER,OTHER,OTHER,,OTHER,False,True,True
151,primary,volume,Nashville,arcgis,WEAPON - CARRYING AFTER MENTAL HEALTH RESTRICTIONS,2,OTHER,OTHER,OTHER,,OTHER,False,True,True
152,primary,class,Nashville,arcgis,ROBBERY,12449,ROBBERY,ROBBERY,ROBBERY,,ROBBERY,False,True,True
153,primary,class,Nashville,arcgis,"ROBBERY, AGGRAVATED, HANDGUN",3273,ROBBERY,ROBBERY,ROBBERY,,ROBBERY,False,True,True
154,primary,volume,Nashville,arcgis,"ROBBERY, AGGRAVATED, OTHER",217,ROBBERY,ROBBERY,ROBBERY,,ROBBERY,False,True,True
155,primary,class,Nashville,arcgis,"ROBBERY, AGGRAVATED, LONG GUN",142,ROBBERY,ROBBERY,ROBBERY,,ROBBERY,False,True,True
156,primary,certainty,Oakland,arcgis,VEHICLE THEFT - AUTO STOLEN VEHICLE,1576,MVT,MVT,MVT,,MVT,False,True,True
157,primary,volume,Oakland,arcgis,"VANDALISM [UNDER $1,000] (AMENDED) VANDALISM",7,NO_LOOT,NO_LOOT,NO_LOOT,,NO_LOOT,False,True,True
158,primary,volume,Oakland,arcgis,ROBBERY-FIREARM ROBBERY,216,ROBBERY,ROBBERY,ROBBERY,,ROBBERY,False,True,True
159,primary,class,Pittsburgh,arcgis,2701 Simple Assault. / 2706 Terroristic Threats. / 2902 Unlawful Restraint. / 3701 Robbery. / 3921(a) Theft by Unlawful Taking or Disposition - Movable item ROBBERY/PURSE SNATCH/STRONGARM,1,ROBBERY,MASS_1,MASS_1,,ROBBERY,True,False,True
160,primary,class,Pittsburgh,arcgis,13(a)(31)(i) Marijuana - Possess Small Amt for Personal Use / 9501 Bench Warrant / 3733 Fleeing or Attempting to Elude Police Officer / 3921(a) Theft by Unlawful Taking or Disposition - Movable item MTR VEH THEFT (AUTO),1,MVT,MVT,MVT,,MVT,True,True,True
161,primary,volume,Pittsburgh,arcgis,2701 Simple Assault. / 2706 Terroristic Threats. / 3304 Criminal Mischief. SIMPLE ASSAULT/INJURY,9,OTHER,NO_LOOT,NO_LOOT,,NO_LOOT,True,False,False
162,primary,certainty,Pittsburgh,arcgis,9999 Miscellaneous Report (No Crime) NA,23967,OTHER,OTHER,OTHER,,OTHER,True,True,True
163,primary,volume,Pittsburgh,arcgis,9018 Accidental Fire NA,876,OTHER,OTHER,OTHER,,OTHER,True,True,True
164,primary,volume,Pittsburgh,arcgis,4101 Forgery. FORGERY,241,OTHER,OTHER,OTHER,,OTHER,True,True,True
165,primary,volume,Pittsburgh,arcgis,601.04 (c) (1) Residential 0700-2200  >65dB(A) 2200-0700 >60dB(A) ALL OTHER OFFENSES(EXPT TRAFF),14,OTHER,OTHER,OTHER,,OTHER,True,True,True
166,primary,volume,Pittsburgh,arcgis,5503 Disorderly Conduct. NA,10,OTHER,OTHER,OTHER,,OTHER,True,True,True
167,primary,volume,Pittsburgh,arcgis,4954 Protective Orders. / 9501 Bench Warrant PROTECTIVE ORDERS,1,OTHER,OTHER,OTHER,,OTHER,True,True,True
168,primary,volume,Pittsburgh,arcgis,2701 Simple Assault. / 5123 Contraband. / 13(a)(16) Possession of Controlled Substance / 13(a)(32) Paraphernalia - Use or Possession / 9501 Bench Warrant SIMPLE ASSAULT/INJURY,1,OTHER,OTHER,OTHER,,OTHER,True,True,True
169,primary,volume,Pittsburgh,arcgis,901 Criminal Attempt SIMPLE ASSAULT/INJURY,1,OTHER,OTHER,OTHER,,OTHER,True,True,True
170,primary,class,Portland OR,arcgis,Purse-Snatching Larceny Offenses,129,MASS_1,MASS_1,MASS_1,,MASS_1,False,True,True
171,primary,certainty,Portland OR,arcgis,Shoplifting Larceny Offenses,10599,MASS_2,MASS_2,MASS_2,,MASS_2,False,True,True
172,primary,class,Portland OR,arcgis,Theft From Motor Vehicle Larceny Offenses,6699,MASS_2,MASS_2,MASS_2,,MASS_2,False,True,True
173,primary,volume,Portland OR,arcgis,All Other Larceny Larceny Offenses,5516,MASS_3,MASS_3,MASS_3,,MASS_3,False,True,True
174,primary,class,Portland OR,arcgis,Theft From Building Larceny Offenses,1536,MASS_3,MASS_3,MASS_3,,MASS_3,False,True,True
175,primary,volume,Portland OR,arcgis,Identity Theft Fraud Offenses,897,OTHER,MASS_3,MASS_3,,OTHER,False,False,True
176,primary,volume,Portland OR,arcgis,Vandalism Vandalism,6426,NO_LOOT,NO_LOOT,NO_LOOT,,NO_LOOT,False,True,True
177,primary,class,Portland OR,arcgis,False Pretenses/Swindle/Confidence Game Fraud Offenses,1180,OTHER,OTHER,OTHER,,OTHER,False,True,True
178,primary,certainty,Tacoma,arcgis,Larceny/Theft Offenses Larceny Theft,20284,MASS_3,MASS_3,MASS_3,,MASS_3,False,True,True
179,primary,class,Tacoma,arcgis,Burglary/Breaking & Entering Burglary,4419,MASS_4,MASS_4,MASS_4,,MASS_4,False,True,True
180,primary,class,Tacoma,arcgis,Destruction/Damage/Vandalism Destruction/Damage/Vandalism,13790,NO_LOOT,NO_LOOT,NO_LOOT,,NO_LOOT,False,True,True
181,primary,volume,Tacoma,arcgis,Arson Arson,349,NO_LOOT,NO_LOOT,NO_LOOT,,NO_LOOT,False,True,True
182,primary,volume,Tacoma,arcgis,Traffic Accident/Collision - Non Fatal - Non Injury Traffic Accident/Collision - Non Fatal - Non Injury,3750,OTHER,OTHER,OTHER,,OTHER,False,True,True
183,primary,class,Tacoma,arcgis,Assault Offenses Assault Aggravated,2322,OTHER,OTHER,OTHER,,OTHER,False,True,True
184,primary,volume,Tacoma,arcgis,Traffic Accident/Collision - Non Fatal - Injury Traffic Accident/Collision - Non Fatal - Injury,1908,OTHER,OTHER,OTHER,,OTHER,False,True,True
185,primary,class,cos-data.seattle.gov,socrata,Purse-snatching LARCENY-THEFT PROPERTY CRIME,287,MASS_1,MASS_1,MASS_1,,MASS_1,True,True,True
186,primary,certainty,cos-data.seattle.gov,socrata,Theft From Motor Vehicle LARCENY-THEFT PROPERTY CRIME,79317,MASS_2,MASS_2,MASS_2,,MASS_2,True,True,True
187,primary,class,cos-data.seattle.gov,socrata,Shoplifting LARCENY-THEFT PROPERTY CRIME,33562,MASS_2,MASS_2,MASS_2,,MASS_2,True,True,True
188,primary,class,cos-data.seattle.gov,socrata,All Other Larceny LARCENY-THEFT PROPERTY CRIME,52818,MASS_3,MASS_3,MASS_3,,MASS_3,True,True,True
189,primary,class,cos-data.seattle.gov,socrata,Theft From Building LARCENY-THEFT PROPERTY CRIME,16684,MASS_3,MASS_3,MASS_3,,MASS_3,True,True,True
190,primary,class,cos-data.seattle.gov,socrata,Identity Theft EXTORTION/FRAUD/FORGERY/BRIBERY (INCLUDES BAD CHECKS) ALL OTHER,15063,OTHER,MASS_3,MASS_3,,OTHER,True,False,True
191,primary,volume,cos-data.seattle.gov,socrata,Burglary/Breaking & Entering BURGLARY PROPERTY CRIME,74584,MASS_4,MASS_4,MASS_4,,MASS_4,True,True,True
192,primary,volume,cos-data.seattle.gov,socrata,Motor Vehicle Theft MOTOR VEHICLE THEFT PROPERTY CRIME,50824,MVT,MVT,MVT,,MVT,True,True,True
193,primary,volume,cos-data.seattle.gov,socrata,Theft of Motor Vehicle Parts or Accessories LARCENY-THEFT PROPERTY CRIME,32501,MASS_5,MASS_5,MASS_5,,MASS_5,True,True,True
194,primary,volume,cos-data.seattle.gov,socrata,"Destruction/Damage/Vandalism of Property PROPERTY OFFENSES (INCLUDES STOLEN, DESTRUCTION) ALL OTHER",58041,NO_LOOT,NO_LOOT,NO_LOOT,,NO_LOOT,True,True,True
195,primary,volume,cos-data.seattle.gov,socrata,Arson ARSON PROPERTY CRIME,1392,NO_LOOT,NO_LOOT,NO_LOOT,,NO_LOOT,True,True,True
196,primary,volume,cos-data.seattle.gov,socrata,Not Reportable to NIBRS 999 ALL OTHER,52595,OTHER,OTHER,OTHER,,OTHER,True,True,True
197,primary,class,cos-data.seattle.gov,socrata,All Other Offenses ALL OTHER ALL OTHER,39402,OTHER,OTHER,OTHER,,OTHER,True,True,True
198,primary,volume,cos-data.seattle.gov,socrata,Aggravated Assault AGGRAVATED ASSAULT VIOLENT CRIME,26919,OTHER,OTHER,OTHER,,OTHER,True,True,True
199,primary,volume,cos-data.seattle.gov,socrata,Intimidation ASSAULT OFFENSES ALL OTHER,22773,OTHER,OTHER,OTHER,,OTHER,True,True,True
200,primary,volume,cos-data.seattle.gov,socrata,Trespass of Real TRESPASS ALL OTHER,20694,OTHER,OTHER,OTHER,,OTHER,True,True,True
201,primary,volume,cos-data.seattle.gov,socrata,Credit Card/Automated Teller Machine Fraud EXTORTION/FRAUD/FORGERY/BRIBERY (INCLUDES BAD CHECKS) ALL OTHER,7968,OTHER,OTHER,OTHER,,OTHER,True,True,True
202,primary,volume,cos-data.seattle.gov,socrata,Disorderly Conduct DISORDERLY CONDUCT & VAGRANCY VIOLATIONS ALL OTHER,1758,OTHER,OTHER,OTHER,,OTHER,True,True,True
203,primary,class,cos-data.seattle.gov,socrata,- UNKNOWN ALL OTHER,537,OTHER,OTHER,OTHER,,OTHER,True,True,True
204,primary,volume,cos-data.seattle.gov,socrata,Assisting or Promoting Prostitution PROSTITUTION OFFENSES ALL OTHER,55,OTHER,OTHER,OTHER,,OTHER,True,True,True
205,primary,class,cos-data.seattle.gov,socrata,Robbery ROBBERY VIOLENT CRIME,13981,ROBBERY,ROBBERY,ROBBERY,,ROBBERY,True,True,True
206,primary,class,data.brla.gov,socrata,13:67 FOREST OAK WINDSOR THEFT,242,MASS_3,MASS_3,MASS_3,,MASS_3,True,True,True
207,primary,class,data.brla.gov,socrata,13:67 BROADMOOR THEFT,87,MASS_3,MASS_3,MASS_3,,MASS_3,True,True,True
208,primary,volume,data.brla.gov,socrata,13:67.10 MELROSE EAST THEFT,74,MASS_3,MASS_3,MASS_3,,MASS_3,True,True,True
209,primary,class,data.brla.gov,socrata,14:62 DELMONT NON-RESIDENTIAL BURGLARY,284,MASS_5,MASS_5,MASS_5,,MASS_5,True,True,True
210,primary,class,data.brla.gov,socrata,14:62 BROOKSTOWN NON-RESIDENTIAL BURGLARY,248,MASS_5,MASS_5,MASS_5,,MASS_5,True,True,True
211,primary,class,data.brla.gov,socrata,14:62 CAPITAL HEIGHTS NON-RESIDENTIAL BURGLARY,169,MASS_5,MASS_5,MASS_5,,MASS_5,True,True,True
212,primary,class,data.brla.gov,socrata,14:62 BROADMOOR NON-RESIDENTIAL BURGLARY,130,MASS_5,MASS_5,MASS_5,,MASS_5,True,True,True
213,primary,class,data.brla.gov,socrata,14:62 CONCORD ESTATES NON-RESIDENTIAL BURGLARY,11,MASS_5,MASS_5,MASS_5,,MASS_5,True,True,True
214,primary,class,data.brla.gov,socrata,14:61 SOUTHERN HEIGHTS NON-RESIDENTIAL BURGLARY,1,MASS_5,MASS_5,MASS_5,,MASS_5,True,True,True
215,primary,class,data.brla.gov,socrata,14:61 SHERWOOD FOREST NON-RESIDENTIAL BURGLARY,1,MASS_5,MASS_5,MASS_5,,MASS_5,True,True,True
216,primary,certainty,data.brla.gov,socrata,30610 SOUTH BURBANK OTHER,1778,OTHER,OTHER,OTHER,,OTHER,True,True,True
217,primary,volume,data.brla.gov,socrata,13:38 DELMONT ASSAULT,94,OTHER,OTHER,OTHER,,OTHER,True,True,True
218,primary,volume,data.brla.gov,socrata,14:34 SHERWOOD FOREST BATTERY,19,OTHER,OTHER,OTHER,,OTHER,True,True,True
219,primary,certainty,data.buffalony.gov,socrata,LARCENY/THEFT Buffalo Police are investigating this report of a crime.  It is important to note that this is very preliminary information and further investigation as to the facts and circumstances of this report may be necessary. Theft,50193,MASS_3,MASS_3,MASS_3,,MASS_3,True,True,True
220,primary,volume,data.buffalony.gov,socrata,BURGLARY Buffalo Police are investigating this report of a crime.  It is important to note that this is very preliminary information and further investigation as to the facts and circumstances of this report may be necessary. Breaking & Entering,13093,MASS_4,MASS_4,MASS_4,,MASS_4,True,True,True
221,primary,volume,data.buffalony.gov,socrata,UUV Buffalo Police are investigating this report of a crime.  It is important to note that this is very preliminary information and further investigation as to the facts and circumstances of this report may be necessary. Theft of Vehicle,16412,MVT,MVT,MVT,,MVT,True,True,True
222,primary,volume,data.buffalony.gov,socrata,ASSAULT Buffalo Police are investigating this report of a crime.  It is important to note that this is very preliminary information and further investigation as to the facts and circumstances of this report may be necessary. Assault,20929,OTHER,OTHER,OTHER,,OTHER,True,True,True
223,primary,volume,data.buffalony.gov,socrata,SEXUAL ABUSE Buffalo Police are investigating this report of a crime.  It is important to note that this is very preliminary information and further investigation as to the facts and circumstances of this report may be necessary. Sexual Offense,779,OTHER,OTHER,OTHER,,OTHER,True,True,True
224,primary,class,data.buffalony.gov,socrata,SEXUAL ABUSE Buffalo Police are investigating this report of a crime.  It is important to note that this is very preliminary information and further investigation as to the facts and circumstances of this report may be necessary. Other Sexual Offense,361,OTHER,OTHER,OTHER,,OTHER,True,True,True
225,primary,volume,data.buffalony.gov,socrata,ROBBERY Buffalo Police are investigating this report of a crime.  It is important to note that this is very preliminary information and further investigation as to the facts and circumstances of this report may be necessary. Robbery,5063,ROBBERY,ROBBERY,ROBBERY,,ROBBERY,True,True,True
226,primary,certainty,data.cambridgema.gov,socrata,Larceny from MV 10/30/2014 03:06 - 04:06,16,MASS_2,MASS_3,MASS_3,,MASS_2,False,False,True
227,primary,volume,data.cambridgema.gov,socrata,Larceny from Person 05/07/2010 21:55 - 21:57,1,MASS_1,MASS_3,MASS_3,,MASS_1,False,False,True
228,primary,volume,data.cambridgema.gov,socrata,Larceny from Person 03/14/2020 02:00 - 02:15,1,MASS_1,MASS_3,MASS_3,,MASS_1,False,False,True
229,primary,class,data.cambridgema.gov,socrata,Embezzlement 01/10/2011 12:33 - 02/03/2011 11:56,1,OTHER,MASS_3,MASS_3,,OTHER,False,False,True
230,primary,volume,data.cambridgema.gov,socrata,Hit and Run 09/01/2019 12:58,1,OTHER,OTHER,OTHER,,OTHER,False,True,True
231,primary,certainty,data.cincinnati-oh.gov,socrata,THEFT,77511,MASS_3,MASS_3,MASS_3,,MASS_3,True,True,True
232,primary,volume,data.cincinnati-oh.gov,socrata,BREAKING AND ENTERING,7117,MASS_4,MASS_4,MASS_4,Ohio B&E is statutorily non-residential; text says only BREAKING AND ENTERING,MASS_4,True,True,True
233,primary,class,data.cincinnati-oh.gov,socrata,CRIMINAL MISCHIEF,387,NO_LOOT,NO_LOOT,NO_LOOT,,NO_LOOT,True,True,True
234,primary,class,data.cincinnati-oh.gov,socrata,ARSON,6,NO_LOOT,NO_LOOT,NO_LOOT,,NO_LOOT,True,True,True
235,primary,volume,data.cincinnati-oh.gov,socrata,AGGRAVATED MENACING,7795,OTHER,OTHER,OTHER,,OTHER,True,True,True
236,primary,volume,data.cincinnati-oh.gov,socrata,TELEPHONE HARASSMENT,4385,OTHER,OTHER,OTHER,,OTHER,True,True,True
237,primary,volume,data.cincinnati-oh.gov,socrata,IMPROPERLY DISCHARGING FIREARM AT/INTO HABITATION/SCHOOL,2213,OTHER,OTHER,OTHER,,OTHER,True,True,True
238,primary,volume,data.cincinnati-oh.gov,socrata,FAIL COMPLY ORDER/SIGNAL OF PO-ELUDE/FLEE,371,OTHER,OTHER,OTHER,,OTHER,True,True,True
239,primary,volume,data.cincinnati-oh.gov,socrata,KIDNAPPING,237,OTHER,OTHER,OTHER,,OTHER,True,True,True
240,primary,class,data.cincinnati-oh.gov,socrata,AGGRAVATED ROBBERY,6937,ROBBERY,ROBBERY,ROBBERY,,ROBBERY,True,True,True
241,primary,class,data.cincinnati-oh.gov,socrata,ROBBERY,3551,ROBBERY,ROBBERY,ROBBERY,,ROBBERY,True,True,True
242,primary,class,data.cityofchicago.org,socrata,THEFT PURSE-SNATCHING ALLEY,71,MASS_1,MASS_1,MASS_1,,MASS_1,True,True,True
243,primary,class,data.cityofchicago.org,socrata,THEFT PURSE-SNATCHING APARTMENT,38,MASS_1,MASS_1,MASS_1,,MASS_1,True,True,True
244,primary,class,data.cityofchicago.org,socrata,THEFT PURSE-SNATCHING BAR OR TAVERN,29,MASS_1,MASS_1,MASS_1,,MASS_1,True,True,True
245,primary,class,data.cityofchicago.org,socrata,THEFT PURSE-SNATCHING AIRPORT TERMINAL LOWER LEVEL - NON-SECURE AREA,3,MASS_1,MASS_1,MASS_1,,MASS_1,True,True,True
246,primary,class,data.cityofchicago.org,socrata,THEFT PURSE-SNATCHING AIRPORT PARKING LOT,1,MASS_1,MASS_1,MASS_1,,MASS_1,True,True,True
247,primary,class,data.cityofchicago.org,socrata,THEFT RETAIL THEFT AIRPORT BUILDING NON-TERMINAL - NON-SECURE AREA,7,MASS_2,MASS_2,MASS_2,,MASS_2,True,True,True
248,primary,volume,data.cityofchicago.org,socrata,THEFT $500 AND UNDER SIDEWALK,5649,MASS_3,MASS_3,MASS_3,,MASS_3,True,True,True
249,primary,volume,data.cityofchicago.org,socrata,DECEPTIVE PRACTICE THEFT OF LABOR/SERVICES RESIDENCE,75,OTHER,MASS_3,MASS_3,,OTHER,True,False,True
250,primary,class,data.cityofchicago.org,socrata,DECEPTIVE PRACTICE AGGRAVATED FINANCIAL IDENTITY THEFT BANK,39,OTHER,MASS_3,MASS_3,,OTHER,True,False,True
251,primary,volume,data.cityofchicago.org,socrata,THEFT POCKET-PICKING PARKING LOT/GARAGE(NON.RESID.),30,MASS_1,MASS_1,MASS_1,,MASS_1,True,True,True
252,primary,volume,data.cityofchicago.org,socrata,THEFT POCKET-PICKING MOVIE HOUSE / THEATER,28,MASS_1,MASS_1,MASS_1,,MASS_1,True,True,True
253,primary,volume,data.cityofchicago.org,socrata,BURGLARY ATTEMPT FORCIBLE ENTRY APARTMENT,861,MASS_4,MASS_4,MASS_4,,MASS_4,True,True,True
254,primary,volume,data.cityofchicago.org,socrata,CRIMINAL DAMAGE TO PROPERTY RESTAURANT,3411,NO_LOOT,NO_LOOT,NO_LOOT,,NO_LOOT,True,True,True
255,primary,class,data.cityofchicago.org,socrata,ARSON AGGRAVATED APARTMENT,135,NO_LOOT,NO_LOOT,NO_LOOT,,NO_LOOT,True,True,True
256,primary,volume,data.cityofchicago.org,socrata,"CRIMINAL DAMAGE TO PROPERTY SCHOOL, PUBLIC, BUILDING",101,NO_LOOT,NO_LOOT,NO_LOOT,,NO_LOOT,True,True,True
257,primary,certainty,data.cityofchicago.org,socrata,BATTERY DOMESTIC BATTERY SIMPLE APARTMENT,82090,OTHER,OTHER,OTHER,,OTHER,True,True,True
258,primary,volume,data.cityofchicago.org,socrata,DECEPTIVE PRACTICE FRAUD OR CONFIDENCE GAME APARTMENT,5489,OTHER,OTHER,OTHER,,OTHER,True,True,True
259,primary,volume,data.cityofchicago.org,socrata,OTHER OFFENSE FALSE/STOLEN/ALTERED TRP STREET,1761,OTHER,OTHER,OTHER,,OTHER,True,True,True
260,primary,volume,data.cityofchicago.org,socrata,BATTERY AGGRAVATED - HANDGUN ALLEY,927,OTHER,OTHER,OTHER,,OTHER,True,True,True
261,primary,volume,data.cityofchicago.org,socrata,OTHER OFFENSE SEX OFFENDER - FAIL TO REGISTER APARTMENT,230,OTHER,OTHER,OTHER,,OTHER,True,True,True
262,primary,volume,data.cityofchicago.org,socrata,CRIMINAL SEXUAL ASSAULT NON-AGGRAVATED SIDEWALK,128,OTHER,OTHER,OTHER,,OTHER,True,True,True
263,primary,volume,data.cityofchicago.org,socrata,NARCOTICS POSS: CANNABIS MORE THAN 30GMS ALLEY,78,OTHER,OTHER,OTHER,,OTHER,True,True,True
264,primary,volume,data.cityofchicago.org,socrata,BATTERY SIMPLE BOAT / WATERCRAFT,41,OTHER,OTHER,OTHER,,OTHER,True,True,True
265,primary,volume,data.cityofchicago.org,socrata,OTHER OFFENSE HARASSMENT BY TELEPHONE SCHOOL - PUBLIC GROUNDS,36,OTHER,OTHER,OTHER,,OTHER,True,True,True
266,primary,volume,data.cityofchicago.org,socrata,ASSAULT AGGRAVATED: HANDGUN GROCERY FOOD STORE,18,OTHER,OTHER,OTHER,,OTHER,True,True,True
267,primary,volume,data.cityofchicago.org,socrata,NARCOTICS SOLICIT NARCOTICS ON PUBLICWAY RESIDENTIAL YARD (FRONT/BACK),9,OTHER,OTHER,OTHER,,OTHER,True,True,True
268,primary,volume,data.cityofchicago.org,socrata,SEX OFFENSE FORNICATION APARTMENT,4,OTHER,OTHER,OTHER,,OTHER,True,True,True
269,primary,volume,data.cityofchicago.org,socrata,KIDNAPPING UNLAWFUL RESTRAINT BAR OR TAVERN,2,OTHER,OTHER,OTHER,,OTHER,True,True,True
270,primary,volume,data.cityofchicago.org,socrata,ROBBERY ARMED: OTHER DANGEROUS WEAPON APARTMENT,18,ROBBERY,ROBBERY,ROBBERY,,ROBBERY,True,True,True
271,primary,class,data.cityofnewyork.us,socrata,Administrative Code BICYCLE INFRACTION (COMMERCIAL) BIKE,411,OTHER,MASS_4,MASS_4,"administrative summons for a bicycle infraction, not a bicycle theft",OTHER,False,False,True
272,primary,certainty,data.cityofnewyork.us,socrata,NYS Transportation FEDERAL MOTOR VEH. SAFETY REG NYS TRANS,4839,OTHER,OTHER,OTHER,,OTHER,False,True,True
273,primary,volume,data.cityofnewyork.us,socrata,(null) Enter w/o payment 1st offense (null),573,OTHER,OTHER,OTHER,fare evasion / theft of services,OTHER,False,True,True
274,primary,volume,data.cityofnewyork.us,socrata,(null) Unauth commercial activity (null),90,OTHER,OTHER,OTHER,,OTHER,False,True,True
275,primary,volume,data.cityofnewyork.us,socrata,General Business Law PRACTICE OF BARBERING W/O A LICENSE BUSINESS,1,OTHER,OTHER,OTHER,,OTHER,False,True,True
276,primary,class,data.kcmo.org,socrata,Stealing Pickpocket Property,78,MASS_1,MASS_1,MASS_1,,MASS_1,True,True,True
277,primary,class,data.kcmo.org,socrata,Theft From Motor Vehicle Property,17338,MASS_2,MASS_2,MASS_2,,MASS_2,True,True,True
278,primary,class,data.kcmo.org,socrata,Shoplifting Property,9023,MASS_2,MASS_2,MASS_2,,MASS_2,True,True,True
279,primary,class,data.kcmo.org,socrata,Theft From Motor Vehicle NA,4716,MASS_2,MASS_2,MASS_2,,MASS_2,True,True,True
280,primary,class,data.kcmo.org,socrata,Stealing Shoplifting Property,2475,MASS_2,MASS_2,MASS_2,,MASS_2,True,True,True
281,primary,class,data.kcmo.org,socrata,Shoplifting NA,2094,MASS_2,MASS_2,MASS_2,,MASS_2,True,True,True
282,primary,class,data.kcmo.org,socrata,All Other Larceny Property,9186,MASS_3,MASS_3,MASS_3,,MASS_3,True,True,True
283,primary,volume,data.kcmo.org,socrata,Theft From Building NA,1443,MASS_3,MASS_3,MASS_3,,MASS_3,True,True,True
284,primary,class,data.kcmo.org,socrata,Burglary/Breaking and Entering Property,10854,MASS_4,MASS_4,MASS_4,,MASS_4,True,True,True
285,primary,volume,data.kcmo.org,socrata,Burglary/Breaking and Entering NA,2680,MASS_4,MASS_4,MASS_4,,MASS_4,True,True,True
286,primary,class,data.kcmo.org,socrata,Burglary - Residence Property,2596,MASS_4,MASS_4,MASS_4,,MASS_4,True,True,True
287,primary,class,data.kcmo.org,socrata,Burglary - Non Resid Property,962,MASS_5,MASS_4,MASS_4,,MASS_5,True,False,True
288,primary,class,data.kcmo.org,socrata,Stealing Auto Parts/ Property,2086,MASS_5,MASS_5,MASS_5,,MASS_5,True,True,True
289,primary,class,data.kcmo.org,socrata,Motor Vehicle Theft Property,22622,MVT,MVT,MVT,,MVT,True,True,True
290,primary,class,data.kcmo.org,socrata,Auto Theft Property,4063,MVT,MVT,MVT,,MVT,True,True,True
291,primary,volume,data.kcmo.org,socrata,Theft of Vehicle Parts and Accessories NA,3101,MASS_5,MASS_5,MASS_5,,MASS_5,True,True,True
292,primary,volume,data.kcmo.org,socrata,Vandalism/Destruction of Property Property,18705,NO_LOOT,NO_LOOT,NO_LOOT,,NO_LOOT,True,True,True
293,primary,certainty,data.kcmo.org,socrata,NA NA,41851,OTHER,OTHER,OTHER,no offense content,OTHER,True,True,True
294,primary,volume,data.kcmo.org,socrata,Aggravated Assault NA,3406,OTHER,OTHER,OTHER,,OTHER,True,True,True
295,primary,volume,data.kcmo.org,socrata,Wire Fraud Property,891,OTHER,OTHER,OTHER,,OTHER,True,True,True
296,primary,volume,data.kcmo.org,socrata,Murder Person,522,OTHER,OTHER,OTHER,,OTHER,True,True,True
297,primary,volume,data.kcmo.org,socrata,Loitering Class B,2,OTHER,OTHER,OTHER,,OTHER,True,True,True
298,primary,class,data.kcmo.org,socrata,Robbery Property,4744,ROBBERY,ROBBERY,ROBBERY,,ROBBERY,True,True,True
299,primary,certainty,data.lacity.org,socrata,"STRONG-ARM (HANDS, FIST, FEET OR BODILY FORCE) SINGLE FAMILY DWELLING H",10605,OTHER,OTHER,OTHER,LA registry selects weapon+premise+victim descent; no offense field,OTHER,False,True,True
300,primary,volume,data.lacity.org,socrata,"STRONG-ARM (HANDS, FIST, FEET OR BODILY FORCE) HIGH SCHOOL W",69,OTHER,OTHER,OTHER,LA registry selects weapon+premise+victim descent; no offense field,OTHER,False,True,True
301,primary,volume,data.lacity.org,socrata,PIPE/METAL PIPE OTHER BUSINESS W,3,OTHER,OTHER,OTHER,LA registry selects weapon+premise+victim descent; no offense field,OTHER,False,True,True
302,primary,volume,data.lacity.org,socrata,PHYSICAL PRESENCE STREET A,3,OTHER,OTHER,OTHER,LA registry selects weapon+premise+victim descent; no offense field,OTHER,False,True,True
303,primary,volume,data.lacity.org,socrata,REVOLVER STREET A,2,OTHER,OTHER,OTHER,LA registry selects weapon+premise+victim descent; no offense field,OTHER,False,True,True
304,primary,volume,data.lacity.org,socrata,VERBAL THREAT SINGLE FAMILY DWELLING P,1,OTHER,OTHER,OTHER,LA registry selects weapon+premise+victim descent; no offense field,OTHER,False,True,True
305,primary,class,data.marincounty.gov,socrata,SHOPLIFTNG THEFT,123,MASS_2,MASS_2,MASS_2,,MASS_2,True,True,True
306,primary,certainty,data.marincounty.gov,socrata,THEFT THEFT,2488,MASS_3,MASS_3,MASS_3,,MASS_3,True,True,True
307,primary,class,data.marincounty.gov,socrata,BURG RES BURGLARY - RESIDENTIAL,624,MASS_4,MASS_4,MASS_4,,MASS_4,True,True,True
308,primary,class,data.marincounty.gov,socrata,BURG COMM BURGLARY - COMMERCIAL,238,MASS_5,MASS_5,MASS_5,,MASS_5,True,True,True
309,primary,volume,data.marincounty.gov,socrata,SUS CIRC ALL OTHER - NON-CRIMINAL,2155,OTHER,OTHER,OTHER,,OTHER,True,True,True
310,primary,volume,data.marincounty.gov,socrata,WEAPONS WEAPONS VIOLATION,157,OTHER,OTHER,OTHER,,OTHER,True,True,True
311,primary,class,data.marincounty.gov,socrata,290 SEXUAL OFFENSE - OTHER,27,OTHER,OTHER,OTHER,,OTHER,True,True,True
312,primary,class,data.montgomerycountymd.gov,socrata,Purse-snatching 2302 LARCENY - PURSE SNATCHING - NO FORCE,548,MASS_1,MASS_1,MASS_1,,MASS_1,True,True,True
313,primary,class,data.montgomerycountymd.gov,socrata,Robbery 1210 ROBBERY - FORCIBLE PURSE SNATCHING,29,ROBBERY,MASS_1,MASS_1,,ROBBERY,True,False,True
314,primary,certainty,data.montgomerycountymd.gov,socrata,Theft From Motor Vehicle 2305 LARCENY - FROM AUTO,31646,MASS_2,MASS_2,MASS_2,,MASS_2,True,True,True
315,primary,class,data.montgomerycountymd.gov,socrata,Shoplifting 2303 LARCENY - SHOPLIFTING,28710,MASS_2,MASS_2,MASS_2,,MASS_2,True,True,True
316,primary,class,data.montgomerycountymd.gov,socrata,All other Larceny 2399 LARCENY (DESCRIBE OFFENSE),15786,MASS_3,MASS_3,MASS_3,,MASS_3,True,True,True
317,primary,volume,data.montgomerycountymd.gov,socrata,All other Larceny 2316 LARCENY - POSTAL,1229,MASS_3,MASS_3,MASS_3,,MASS_3,True,True,True
318,primary,class,data.montgomerycountymd.gov,socrata,Embezzlement 2701 EMBEZZLE - BUSINESS PROP,98,OTHER,MASS_3,MASS_3,,OTHER,True,False,True
319,primary,class,data.montgomerycountymd.gov,socrata,Burglary/Breaking and Entering 2202 BURGLARY - FORCED ENTRY-RESIDENTIAL,3974,MASS_4,MASS_4,MASS_4,,MASS_4,True,True,True
320,primary,class,data.montgomerycountymd.gov,socrata,Burglary/Breaking and Entering 2204 BURGLARY - NO FORCED ENTRY-RESIDENTIAL,2704,MASS_4,MASS_4,MASS_4,,MASS_4,True,True,True
321,primary,class,data.montgomerycountymd.gov,socrata,Motor Vehicle Theft 2404 AUTO THEFT - VEHICLE THEFT,14881,MVT,MVT,MVT,,MVT,True,True,True
322,primary,class,data.montgomerycountymd.gov,socrata,Motor Vehicle Theft 2499 STOLEN VEHICLE (DESCRIBE OFFENSE),530,MVT,MVT,MVT,,MVT,True,True,True
323,primary,class,data.montgomerycountymd.gov,socrata,Motor Vehicle Theft 2402 AUTO THEFT - THEFT AND STRIP VEHICLE,10,MVT,MVT,MVT,,MVT,True,True,True
324,primary,class,data.montgomerycountymd.gov,socrata,Motor Vehicle Theft 2405 AUTO THEFT - THEFT VEHICLE BY BAILEE,1,MVT,MVT,MVT,,MVT,True,True,True
325,primary,class,data.montgomerycountymd.gov,socrata,Arson 2007 ARSON - BURNING OF - (IDENTIFY OBJECT),176,NO_LOOT,NO_LOOT,NO_LOOT,,NO_LOOT,True,True,True
326,primary,volume,data.montgomerycountymd.gov,socrata,Disorderly Conduct 5311 PUBLIC PEACE - DISORDERLY CONDUCT,4010,OTHER,OTHER,OTHER,,OTHER,True,True,True
327,primary,volume,data.montgomerycountymd.gov,socrata,All Other Offenses 9108 RECOVERED PROPERTY - MONT CO.,3106,OTHER,OTHER,OTHER,,OTHER,True,True,True
328,primary,volume,data.montgomerycountymd.gov,socrata,All Other Offenses 9112 MENTAL TRANSPORT - ONLY,985,OTHER,OTHER,OTHER,,OTHER,True,True,True
329,primary,volume,data.montgomerycountymd.gov,socrata,Aggravated Assault 1314 ASSAULT - AGGRAVATED - GUN,919,OTHER,OTHER,OTHER,,OTHER,True,True,True
330,primary,class,data.montgomerycountymd.gov,socrata,Aggravated Assault 1306 ASSAULT - AGGRAVATED - NON-FAMILY-STRONG-ARM,386,OTHER,OTHER,OTHER,,OTHER,True,True,True
331,primary,class,data.montgomerycountymd.gov,socrata,Aggravated Assault 1304 ASSAULT - AGGRAVATED - NON-FAMILY-GUN,371,OTHER,OTHER,OTHER,,OTHER,True,True,True
332,primary,volume,data.montgomerycountymd.gov,socrata,Forcible Fondling 1117 SEX ASSAULT - CARNAL ABUSE,201,OTHER,OTHER,OTHER,,OTHER,True,True,True
333,primary,volume,data.montgomerycountymd.gov,socrata,Counterfeiting/Forgery 2503 COUNTERFEITING,148,OTHER,OTHER,OTHER,,OTHER,True,True,True
334,primary,volume,data.montgomerycountymd.gov,socrata,Justifiable Homicide 9001 HOMICIDE - JUSTIFIABLE,10,OTHER,OTHER,OTHER,,OTHER,True,True,True
335,primary,class,data.montgomerycountymd.gov,socrata,Robbery 1206 ROBBERY - STREET-STRONG-ARM,747,ROBBERY,ROBBERY,ROBBERY,,ROBBERY,True,True,True
336,primary,volume,data.montgomerycountymd.gov,socrata,Robbery 1214 ROBBERY - KNIFE,454,ROBBERY,ROBBERY,ROBBERY,,ROBBERY,True,True,True
337,primary,class,data.montgomerycountymd.gov,socrata,Robbery 1205 ROBBERY - STREET-OTHER WEAPON,91,ROBBERY,ROBBERY,ROBBERY,,ROBBERY,True,True,True
338,primary,class,data.princegeorgescountymd.gov,socrata,THEFT FROM AUTO,24875,MASS_2,MASS_2,MASS_2,,MASS_2,True,True,True
339,primary,volume,data.princegeorgescountymd.gov,socrata,THEFT,15254,MASS_3,MASS_3,MASS_3,,MASS_3,True,True,True
340,primary,volume,data.princegeorgescountymd.gov,socrata,"B & E, RESIDENTIAL",3315,MASS_4,MASS_4,MASS_4,,MASS_4,True,True,True
341,primary,volume,data.princegeorgescountymd.gov,socrata,"B & E, COMMERCIAL",2025,MASS_5,MASS_4,MASS_4,,MASS_5,True,False,True
342,primary,class,data.princegeorgescountymd.gov,socrata,"B & E, OTHER",520,MASS_4,MASS_4,MASS_4,,MASS_4,True,True,True
343,primary,volume,data.princegeorgescountymd.gov,socrata,VANDALISM,2888,NO_LOOT,NO_LOOT,NO_LOOT,,NO_LOOT,True,True,True
344,primary,certainty,data.princegeorgescountymd.gov,socrata,ACCIDENT,29084,OTHER,OTHER,OTHER,,OTHER,True,True,True
345,primary,volume,data.princegeorgescountymd.gov,socrata,"AUTO, STOLEN",15392,MVT,OTHER,OTHER,,MVT,True,False,True
346,primary,class,data.princegeorgescountymd.gov,socrata,ASSAULT,4287,OTHER,OTHER,OTHER,,OTHER,True,True,True
347,primary,class,data.princegeorgescountymd.gov,socrata,SEX OFFENSE,973,OTHER,OTHER,OTHER,,OTHER,True,True,True
348,primary,class,data.princegeorgescountymd.gov,socrata,"ROBBERY, VEHICLE",1130,ROBBERY,ROBBERY,ROBBERY,,ROBBERY,True,True,True
349,primary,class,data.princegeorgescountymd.gov,socrata,"ROBBERY, COMMERCIAL",887,ROBBERY,ROBBERY,ROBBERY,,ROBBERY,True,True,True
350,primary,certainty,data.sfgov.org,socrata,II Coplogic Initial Larceny Theft,140868,MASS_3,MASS_3,MASS_3,,MASS_3,True,True,True
351,primary,volume,data.sfgov.org,socrata,II Initial Larceny Theft,123871,MASS_3,MASS_3,MASS_3,,MASS_3,True,True,True
352,primary,volume,data.sfgov.org,socrata,VI Vehicle Initial Larceny Theft,14987,AMBIG,MASS_3,MASS_3,report type 'Vehicle Initial' with category 'Larceny Theft'; from-vehicle not stated,MASS_3,True,,
353,primary,volume,data.sfgov.org,socrata,IS Coplogic Supplement Larceny Theft,14909,MASS_3,MASS_3,MASS_3,,MASS_3,True,True,True
354,primary,volume,data.sfgov.org,socrata,IS Initial Supplement Larceny Theft,8653,MASS_3,MASS_3,MASS_3,,MASS_3,True,True,True
355,primary,volume,data.sfgov.org,socrata,II Initial Embezzlement,730,OTHER,MASS_3,MASS_3,,OTHER,True,False,True
356,primary,class,data.sfgov.org,socrata,IS Initial Supplement Embezzlement,169,OTHER,MASS_3,MASS_3,,OTHER,True,False,True
357,primary,class,data.sfgov.org,socrata,II Initial Burglary,46357,MASS_4,MASS_4,MASS_4,,MASS_4,True,True,True
358,primary,class,data.sfgov.org,socrata,IS Initial Supplement Burglary,7068,MASS_4,MASS_4,MASS_4,,MASS_4,True,True,True
359,primary,class,data.sfgov.org,socrata,IS Coplogic Supplement Burglary,4044,MASS_4,MASS_4,MASS_4,,MASS_4,True,True,True
360,primary,volume,data.sfgov.org,socrata,VI Vehicle Initial Motor Vehicle Theft,49304,MVT,MVT,MVT,,MVT,True,True,True
361,primary,class,data.sfgov.org,socrata,VS Vehicle Supplement Motor Vehicle Theft,2818,MVT,MVT,MVT,,MVT,True,True,True
362,primary,class,data.sfgov.org,socrata,IS Initial Supplement Motor Vehicle Theft,1795,MVT,MVT,MVT,,MVT,True,True,True
363,primary,class,data.sfgov.org,socrata,II Initial Malicious Mischief,48658,NO_LOOT,NO_LOOT,NO_LOOT,,NO_LOOT,True,True,True
364,primary,class,data.sfgov.org,socrata,II Coplogic Initial Malicious Mischief,18750,NO_LOOT,NO_LOOT,NO_LOOT,,NO_LOOT,True,True,True
365,primary,class,data.sfgov.org,socrata,IS Initial Supplement Malicious Mischief,3059,NO_LOOT,NO_LOOT,NO_LOOT,,NO_LOOT,True,True,True
366,primary,volume,data.sfgov.org,socrata,II Initial Vandalism,2292,NO_LOOT,NO_LOOT,NO_LOOT,,NO_LOOT,True,True,True
367,primary,class,data.sfgov.org,socrata,IS Coplogic Supplement Malicious Mischief,676,NO_LOOT,NO_LOOT,NO_LOOT,,NO_LOOT,True,True,True
368,primary,class,data.sfgov.org,socrata,IS Initial Supplement Vandalism,91,NO_LOOT,NO_LOOT,NO_LOOT,,NO_LOOT,True,True,True
369,primary,volume,data.sfgov.org,socrata,II Initial Assault,61050,OTHER,OTHER,OTHER,,OTHER,True,True,True
370,primary,volume,data.sfgov.org,socrata,VS Vehicle Supplement Recovered Vehicle,37634,OTHER,OTHER,OTHER,"recovered vehicle report, not a theft event",OTHER,True,True,True
371,primary,volume,data.sfgov.org,socrata,II Initial Non-Criminal,33940,OTHER,OTHER,OTHER,,OTHER,True,True,True
372,primary,volume,data.sfgov.org,socrata,II Initial Offences Against The Family And Children,12700,OTHER,OTHER,OTHER,,OTHER,True,True,True
373,primary,volume,data.sfgov.org,socrata,IS Initial Supplement Missing Person,8278,OTHER,OTHER,OTHER,,OTHER,True,True,True
374,primary,volume,data.sfgov.org,socrata,IS Initial Supplement Disorderly Conduct,1723,OTHER,OTHER,OTHER,,OTHER,True,True,True
375,primary,volume,data.sfgov.org,socrata,II Initial Liquor Laws,143,OTHER,OTHER,OTHER,,OTHER,True,True,True
376,primary,class,data.sfgov.org,socrata,II Initial Robbery,19265,ROBBERY,ROBBERY,ROBBERY,,ROBBERY,True,True,True
377,primary,class,data.sfgov.org,socrata,IS Initial Supplement Robbery,3483,ROBBERY,ROBBERY,ROBBERY,,ROBBERY,True,True,True
378,primary,class,data.sfgov.org,socrata,VI Vehicle Initial Robbery,383,ROBBERY,ROBBERY,ROBBERY,,ROBBERY,True,True,True
379,primary,class,data.sfgov.org,socrata,VS Vehicle Supplement Robbery,193,ROBBERY,ROBBERY,ROBBERY,,ROBBERY,True,True,True
380,primary,class,data.weho.org,socrata,1 LARCENY THEFT GRAND THEFT: Purse Snatch,14,MASS_1,MASS_1,MASS_1,,MASS_1,True,True,True
381,primary,class,data.weho.org,socrata,"1 LARCENY THEFT THEFT, PETTY: Shoplifting (From Dept Store, Mkt, Etc)",654,MASS_2,MASS_2,MASS_2,,MASS_2,True,True,True
382,primary,class,data.weho.org,socrata,"1 LARCENY THEFT THEFT, PETTY: From Bldgs (Church, School, Restaurant)",624,MASS_3,MASS_3,MASS_3,,MASS_3,True,True,True
383,primary,class,data.weho.org,socrata,"1 BURGLARY BURGLARY, OTHER STRUCTURE: Night, Entry By Force",218,MASS_4,MASS_4,MASS_4,'OTHER STRUCTURE' is not stated to be commercial,MASS_4,True,True,True
384,primary,volume,data.weho.org,socrata,"1 BURGLARY BURGLARY, RESIDENCE: Night, Entry by Force",51,MASS_4,MASS_4,MASS_4,,MASS_4,True,True,True
385,primary,class,data.weho.org,socrata,1 LARCENY THEFT GRAND THEFT: Auto Parts And Accessories,92,MASS_5,MASS_5,MASS_5,,MASS_5,True,True,True
386,primary,class,data.weho.org,socrata,"1 LARCENY THEFT THEFT, PETTY: Auto Parts And Accessories",27,MASS_5,MASS_5,MASS_5,,MASS_5,True,True,True
387,primary,class,data.weho.org,socrata,1 GRAND THEFT AUTO GRAND THEFT VEHICLE (GTA): Automobile/Passenger Van,421,MVT,MVT,MVT,,MVT,True,True,True
388,primary,class,data.weho.org,socrata,1 ARSON ARSON: Single Occupancy Residential,4,NO_LOOT,NO_LOOT,NO_LOOT,,NO_LOOT,True,True,True
389,primary,certainty,data.weho.org,socrata,2 VEHICLE / BOATING LAWS VEHICLE AND BOATING LAWS: Misdemeanor,1629,OTHER,OTHER,OTHER,,OTHER,True,True,True
390,primary,volume,data.weho.org,socrata,"2 NON-AGGRAVATED ASSAULTS ASSAULT, NON-AGG: Hands, Feet, Fist, Etc.",918,OTHER,OTHER,OTHER,,OTHER,True,True,True
391,primary,class,data.weho.org,socrata,"1 AGGRAVATED ASSAULT ASSAULT, AGGRAVATED: ADW - OTHER DANGEROUS WEAPON",180,OTHER,OTHER,OTHER,,OTHER,True,True,True
392,primary,volume,fusioncenter.nhit.org,socrata,THEFT F/AUTO,5126,MASS_2,MASS_2,MASS_2,,MASS_2,True,True,True
393,primary,certainty,fusioncenter.nhit.org,socrata,THEFT/OTHER,6503,MASS_3,MASS_3,MASS_3,,MASS_3,True,True,True
394,primary,class,fusioncenter.nhit.org,socrata,BURGLARY,871,MASS_4,MASS_4,MASS_4,,MASS_4,True,True,True
395,primary,volume,fusioncenter.nhit.org,socrata,ROBBERY,1233,ROBBERY,ROBBERY,ROBBERY,,ROBBERY,True,True,True
396,primary,certainty,performance.fultoncountyga.gov,socrata,Property Theft LARCENY-FROM VEHICLE,19822,MASS_2,MASS_2,MASS_2,,MASS_2,False,True,True
397,primary,volume,performance.fultoncountyga.gov,socrata,Property Burglary BURGLARY-RESIDENCE,6044,MASS_4,MASS_4,MASS_4,,MASS_4,False,True,True
398,primary,class,performance.fultoncountyga.gov,socrata,Property Auto Theft AUTO THEFT,3831,MVT,MVT,MVT,,MVT,False,True,True
399,primary,class,performance.fultoncountyga.gov,socrata,Property Auto Theft  AUTO THEFT,3197,MVT,MVT,MVT,,MVT,False,True,True
400,primary,class,performance.fultoncountyga.gov,socrata,VIOLENT Aggravated Assault AGG ASSAULT,2175,OTHER,OTHER,OTHER,,OTHER,False,True,True
401,primary,volume,performance.fultoncountyga.gov,socrata,Violent Aggravated Assault  AGG ASSAULT,2024,OTHER,OTHER,OTHER,,OTHER,False,True,True
402,primary,class,performance.fultoncountyga.gov,socrata,Violent Robbery ROBBERY-PEDESTRIAN,1126,ROBBERY,ROBBERY,ROBBERY,,ROBBERY,False,True,True
403,primary,volume,performance.fultoncountyga.gov,socrata,Violent Robbery ROBBERY-RESIDENCE,132,ROBBERY,ROBBERY,ROBBERY,,ROBBERY,False,True,True
1001,holdout,holdout_class,Asheville,arcgis,Larceny/Theft Offenses LARCENY POCKET-PICKING,126,MASS_1,MASS_1,MASS_1,,MASS_1,False,True,True
1002,holdout,holdout_class,Asheville,arcgis,Assault Offenses LARCENY FROM MOTOR VEHICLE,14,AMBIG,MASS_2,MASS_2,,MASS_2,False,,
1003,holdout,holdout_class,Asheville,arcgis,Counterfeiting/Forgery LARCENY FROM MOTOR VEHICLE,1,AMBIG,MASS_2,MASS_2,,OTHER,False,,
1004,holdout,holdout_class,Asheville,arcgis,All Other VANDALISM,65,NO_LOOT,NO_LOOT,NO_LOOT,,NO_LOOT,False,True,True
1005,holdout,holdout_class,Baltimore,arcgis,LARCENY FROM AUTO,19171,MASS_2,MASS_2,MASS_2,,MASS_2,True,True,True
1006,holdout,holdout_class,Baltimore,arcgis,ROBBERY - CARJACKING,2223,ROBBERY,ROBBERY,ROBBERY,,ROBBERY,True,True,True
1007,holdout,holdout_class,Boise,arcgis,OTHER NARCOTIC - POSSESSION FELONY Shoplifting/Wilful Concealment Drug/Narcotic Violations,1,AMBIG,MASS_2,MASS_2,,MASS_2,False,,
1008,holdout,holdout_class,Boise,arcgis,BURGLARY-COMMERCIAL UNDER $300 (M)- 1ST TIME OFFENSE Battery Shoplifting,5,AMBIG,MASS_5,MASS_5,,MASS_5,False,,
1009,holdout,holdout_class,Boise,arcgis,BURGLARY-COMMERCIAL UNDER $300 (M)- 1ST TIME OFFENSE Burglary  Attempted Shoplifting,1,AMBIG,MASS_5,MASS_5,,MASS_5,False,,
1010,holdout,holdout_class,Boise,arcgis,BURGLARY-COMMERCIAL UNDER $300 (M)- 1ST TIME OFFENSE Battery Aggravated Shoplifting,1,AMBIG,MASS_5,MASS_5,,MASS_5,False,,
1011,holdout,holdout_class,Boise,arcgis,BATTERY Theft of Motor Vehicle Simple Assault Battery,1,AMBIG,MVT,MVT,,MVT,False,,
1012,holdout,holdout_class,Boise,arcgis,ADMINISTERING POISON WITH INTENT TO KILL Battery Aggravated Aggravated Assault Battery,1,OTHER,OTHER,OTHER,,OTHER,False,True,True
1013,holdout,holdout_class,Boise,arcgis,ATTEMPTED STRANGULATION Robbery Simple Assault Battery,1,AMBIG,ROBBERY,ROBBERY,,ROBBERY,False,,
1014,holdout,holdout_class,Charlotte,arcgis,Pocket-Picking,1490,MASS_1,MASS_1,MASS_1,,MASS_1,True,True,True
1015,holdout,holdout_class,Charlotte,arcgis,All Other Thefts,74204,MASS_3,MASS_3,MASS_3,,MASS_3,True,True,True
1016,holdout,holdout_class,Charlotte,arcgis,Embezzlement,2743,OTHER,MASS_3,MASS_3,,OTHER,True,False,True
1017,holdout,holdout_class,Charlotte,arcgis,Assisting Prostitution,15,OTHER,OTHER,OTHER,,OTHER,True,True,True
1018,holdout,holdout_class,Chattanooga,arcgis,Pocket Picking,219,MASS_1,MASS_1,MASS_1,,MASS_1,False,True,True
1019,holdout,holdout_class,Chattanooga,arcgis,Theft From Buildings,9164,MASS_3,MASS_3,MASS_3,,MASS_3,False,True,True
1020,holdout,holdout_class,Chattanooga,arcgis,Embezzlement,1248,OTHER,MASS_3,MASS_3,,OTHER,False,False,True
1021,holdout,holdout_class,Chattanooga,arcgis,Theft From Coin-Operated Machine Or Device,128,MASS_3,MASS_3,MASS_3,"NIBRS 23H, coin-operated machine; no rung of its own, coded larceny-other",MASS_3,False,True,True
1022,holdout,holdout_class,Chattanooga,arcgis,Burglary/Breaking And Entering,13762,MASS_4,MASS_4,MASS_4,,MASS_4,False,True,True
1023,holdout,holdout_class,Denver,arcgis,theft-fail-return-rent-veh white-collar-crime,645,OTHER,MASS_3,MASS_3,"failure to return a rented vehicle, department-categorised white-collar",OTHER,False,False,True
1024,holdout,holdout_class,Denver,arcgis,theft-embezzle white-collar-crime,83,OTHER,MASS_3,MASS_3,,OTHER,False,False,True
1025,holdout,holdout_class,Denver,arcgis,burglary-residence-by-force burglary,5258,MASS_4,MASS_4,MASS_4,,MASS_4,False,True,True
1026,holdout,holdout_class,Denver,arcgis,burglary-other burglary,2000,MASS_4,MASS_4,MASS_4,,MASS_4,False,True,True
1027,holdout,holdout_class,Denver,arcgis,burg-auto-theft-busn-w-force burglary,287,AMBIG,MASS_4,MVT,business burglary in which a vehicle was taken; MASS_5 and MVT both apply,MVT,False,,
1028,holdout,holdout_class,Denver,arcgis,burg-auto-theft-busn-no-force burglary,93,AMBIG,MASS_4,MVT,business burglary in which a vehicle was taken; MASS_5 and MVT both apply,MVT,False,,
1029,holdout,holdout_class,Denver,arcgis,agg-aslt-shoot aggravated-assault,933,OTHER,OTHER,OTHER,,OTHER,False,True,True
1030,holdout,holdout_class,Denver,arcgis,agg-aslt-police-weapon all-other-crimes,171,OTHER,OTHER,OTHER,,OTHER,False,True,True
1031,holdout,holdout_class,Denver,arcgis,robbery-car-jacking robbery,891,ROBBERY,ROBBERY,ROBBERY,,ROBBERY,False,True,True
1032,holdout,holdout_class,Denver,arcgis,robbery-residence robbery,373,ROBBERY,ROBBERY,ROBBERY,,ROBBERY,False,True,True
1033,holdout,holdout_class,Duluth,arcgis,Larceny of Motor Vehicle Parts or Accessories,241,MASS_5,MASS_5,MASS_5,,MASS_5,False,True,True
1034,holdout,holdout_class,Duluth,arcgis,Destruction/Damage/Vandalism of Property,2152,NO_LOOT,NO_LOOT,NO_LOOT,,NO_LOOT,False,True,True
1035,holdout,holdout_class,Long Beach,arcgis,POCKET PICKING LARCENY/THEFT OFFENSES,11,MASS_1,MASS_1,MASS_1,,MASS_1,False,True,True
1036,holdout,holdout_class,Long Beach,arcgis,THEFT FROM MOTOR VEHICLE LARCENY/THEFT OFFENSES,553,MASS_2,MASS_2,MASS_2,,MASS_2,False,True,True
1037,holdout,holdout_class,Long Beach,arcgis,BURGLARY/BREAKING AND ENTERING BURGLARY,852,MASS_4,MASS_4,MASS_4,,MASS_4,False,True,True
1038,holdout,holdout_class,Long Beach,arcgis,THEFT OF MOTOR VEHICLE PARTS OR ACCESSORIES LARCENY/THEFT OFFENSES,498,MASS_5,MASS_5,MASS_5,,MASS_5,False,True,True
1039,holdout,holdout_class,Long Beach,arcgis,DESTRUCTIVE/DAMAGE/VANDALISM OF PROPERTY DESTRUCTION/DAMAGE/VANDALISM OF PROPERTY,1056,NO_LOOT,NO_LOOT,NO_LOOT,,NO_LOOT,False,True,True
1040,holdout,holdout_class,Louisville,arcgis,THEFT/LARCENY TBUT OR DISP PURSESNATCHING,14,MASS_1,MASS_1,MASS_1,,MASS_1,False,True,True
1041,holdout,holdout_class,Louisville,arcgis,"THEFT/LARCENY TBUT OR DISP POCKETPICKING $1,000 < $10,000",10,MASS_1,MASS_1,MASS_1,,MASS_1,False,True,True
1042,holdout,holdout_class,Louisville,arcgis,THEFT/LARCENY TBUT OR DISP SHOPLIFTING,1485,MASS_2,MASS_2,MASS_2,,MASS_2,False,True,True
1043,holdout,holdout_class,Louisville,arcgis,BURGLARY BURGLARY - 2ND DEGREE,1876,MASS_4,MASS_4,MASS_4,,MASS_4,False,True,True
1044,holdout,holdout_class,Louisville,arcgis,MOTOR VEHICLE THEFT TBUT OR DISP AUTO,110,MVT,MVT,MVT,,MVT,False,True,True
1045,holdout,holdout_class,Louisville,arcgis,"MOTOR VEHICLE THEFT TBUT OR DISP AUTO $1,000,000 < $10,000,000",10,MVT,MVT,MVT,,MVT,False,True,True
1046,holdout,holdout_class,Louisville,arcgis,ASSAULT ASSAULT - 2ND DEGREE,447,OTHER,OTHER,OTHER,,OTHER,False,True,True
1047,holdout,holdout_class,Nashville,arcgis,EMBEZZLE - BUSINESS PROP,2257,OTHER,MASS_3,MASS_3,,OTHER,False,False,True
1048,holdout,holdout_class,Nashville,arcgis,BURGLARY (NON HABITATION),927,MASS_5,MASS_4,MASS_4,,MASS_4,False,False,False
1049,holdout,holdout_class,Nashville,arcgis,"THEFT OF VEHICLE-2,500 OR > BUT<$10,000",933,MVT,MVT,MVT,,MVT,False,True,True
1050,holdout,holdout_class,Nashville,arcgis,"CRITICAL INFRASTRUCTURE VANDALISM - $1,000 OR LESS",55,NO_LOOT,NO_LOOT,NO_LOOT,,NO_LOOT,False,True,True
1051,holdout,holdout_class,Nashville,arcgis,AGGRAV ASSLT - FAMILY-GUN,539,OTHER,OTHER,OTHER,,OTHER,False,True,True
1052,holdout,holdout_class,Oakland,arcgis,SHOPLIFTING-COMMERCIAL ESTABLISHMENT WITH INTENT WHERE VALUE DOES NOT EXCEED $950 BURG - COMMERCIAL,17,MASS_2,MASS_2,MASS_2,CA PC 459.5 charges shoplifting as commercial burglary; goods are retail,MASS_2,False,True,True
1053,holdout,holdout_class,Oakland,arcgis,SHOPLIFT PETTY THEFT,7,MASS_2,MASS_2,MASS_2,,MASS_2,False,True,True
1054,holdout,holdout_class,Oakland,arcgis,ASLT W/FIREARM ON PERSON ROBBERY,1,ROBBERY,ROBBERY,ROBBERY,,ROBBERY,False,True,True
1055,holdout,holdout_class,Pittsburgh,arcgis,1-401 Engaging in Fraudulent Practices RETAIL THEFT (SHOPLIFTING),1,MASS_2,MASS_2,MASS_2,,MASS_2,True,True,True
1056,holdout,holdout_class,Pittsburgh,arcgis,13(a)(31) Marijuana: Possession Small Amount / 9094 Recovered Stolen Vehicle (OUTSIDE CITY) MARIJUANA-POSSESS,2,OTHER,MVT,MVT,,MVT,True,False,False
1057,holdout,holdout_class,Portland OR,arcgis,Theft of Motor Vehicle Parts or Accessories Larceny Offenses,1378,MASS_5,MASS_5,MASS_5,,MASS_5,False,True,True
1058,holdout,holdout_class,Portland OR,arcgis,Motor Vehicle Theft Motor Vehicle Theft,3658,MVT,MVT,MVT,,MVT,False,True,True
1059,holdout,holdout_class,Portland OR,arcgis,Credit Card/ATM Fraud Fraud Offenses,816,OTHER,OTHER,OTHER,,OTHER,False,True,True
1060,holdout,holdout_class,Portland OR,arcgis,Robbery Robbery,854,ROBBERY,ROBBERY,ROBBERY,,ROBBERY,False,True,True
1061,holdout,holdout_class,Tacoma,arcgis,Robbery Robbery - Purse Snatching (Force),14,ROBBERY,MASS_1,MASS_1,,ROBBERY,False,False,True
1062,holdout,holdout_class,Tacoma,arcgis,Motor Vehicle Theft Motor Vehicle Theft,7891,MVT,MVT,MVT,,MVT,False,True,True
1063,holdout,holdout_class,cos-data.seattle.gov,socrata,Pocket-picking LARCENY-THEFT PROPERTY CRIME,1150,MASS_1,MASS_1,MASS_1,,MASS_1,True,True,True
1064,holdout,holdout_class,data.brla.gov,socrata,14:62 FOREST OAK WINDSOR NON-RESIDENTIAL BURGLARY,527,MASS_5,MASS_5,MASS_5,,MASS_5,True,True,True
1065,holdout,holdout_class,data.brla.gov,socrata,14:62 GOODWOOD HOMESITES NON-RESIDENTIAL BURGLARY,42,MASS_5,MASS_5,MASS_5,,MASS_5,True,True,True
1066,holdout,holdout_class,data.brla.gov,socrata,14:62 FAIRWOOD NON-RESIDENTIAL BURGLARY,26,MASS_5,MASS_5,MASS_5,,MASS_5,True,True,True
1067,holdout,holdout_class,data.brla.gov,socrata,14:62 FOREST HEIGHTS PARK NON-RESIDENTIAL BURGLARY,15,MASS_5,MASS_5,MASS_5,,MASS_5,True,True,True
1068,holdout,holdout_class,data.brla.gov,socrata,13:56 CAPITAL HEIGHTS CRIMINAL DAMAGE TO PROPERTY,29,NO_LOOT,NO_LOOT,NO_LOOT,,NO_LOOT,True,True,True
1069,holdout,holdout_class,data.cincinnati-oh.gov,socrata,AGGRAVATED BURGLARY,2075,MASS_4,MASS_4,MASS_4,,MASS_4,True,True,True
1070,holdout,holdout_class,data.cincinnati-oh.gov,socrata,CRIMINAL DAMAGING/ENDANGERING,33149,NO_LOOT,NO_LOOT,NO_LOOT,,NO_LOOT,True,True,True
1071,holdout,holdout_class,data.cincinnati-oh.gov,socrata,VEHICULAR VANDALISM,131,NO_LOOT,NO_LOOT,NO_LOOT,,NO_LOOT,True,True,True
1072,holdout,holdout_class,data.cincinnati-oh.gov,socrata,AGG VEH HOM/VEH HOM/VEH MNSLGHTER,65,OTHER,OTHER,OTHER,,OTHER,True,True,True
1073,holdout,holdout_class,data.cityofchicago.org,socrata,THEFT POCKET-PICKING AIRPORT BUILDING NON-TERMINAL - NON-SECURE AREA,16,MASS_1,MASS_1,MASS_1,,MASS_1,True,True,True
1074,holdout,holdout_class,data.cityofchicago.org,socrata,THEFT POCKET-PICKING AIRCRAFT,7,MASS_1,MASS_1,MASS_1,,MASS_1,True,True,True
1075,holdout,holdout_class,data.cityofchicago.org,socrata,ROBBERY AGGRAVATED ALLEY,191,ROBBERY,ROBBERY,ROBBERY,,ROBBERY,True,True,True
1076,holdout,holdout_class,data.cityofnewyork.us,socrata,(null) UNREASONABLE NOISE; FROM CAR MUFFLER/EXHAUST (HEARD FROM 150 FT AWAY) (null),927,OTHER,MASS_2,MASS_2,noise complaint whose text contains 'FROM CAR',MASS_2,False,False,False
1077,holdout,holdout_class,data.cityofnewyork.us,socrata,(null) AGGRESSIVE PANHANDLING (null),33,OTHER,OTHER,OTHER,,OTHER,False,True,True
1078,holdout,holdout_class,data.kcmo.org,socrata,Pocket-Picking Property,166,MASS_1,MASS_1,MASS_1,,MASS_1,True,True,True
1079,holdout,holdout_class,data.kcmo.org,socrata,Stealing From Auto Property,4440,MASS_2,MASS_2,MASS_2,,MASS_2,True,True,True
1080,holdout,holdout_class,data.kcmo.org,socrata,All Other Larceny NA,2247,MASS_3,MASS_3,MASS_3,,MASS_3,True,True,True
1081,holdout,holdout_class,data.kcmo.org,socrata,Embezzlement NA,147,OTHER,MASS_3,MASS_3,,OTHER,True,False,True
1082,holdout,holdout_class,data.kcmo.org,socrata,Theft of Vehicle Parts and Accessories Property,9219,MASS_5,MASS_5,MASS_5,,MASS_5,True,True,True
1083,holdout,holdout_class,data.kcmo.org,socrata,Auto Theft NA,1,MVT,MVT,MVT,,MVT,True,True,True
1084,holdout,holdout_class,data.kcmo.org,socrata,Vandalism/Destruction of Property NA,4538,NO_LOOT,NO_LOOT,NO_LOOT,,NO_LOOT,True,True,True
1085,holdout,holdout_class,data.kcmo.org,socrata,Armed Robbery Property,930,ROBBERY,ROBBERY,ROBBERY,,ROBBERY,True,True,True
1086,holdout,holdout_class,data.marincounty.gov,socrata,VANDALISM VANDALISM,989,NO_LOOT,NO_LOOT,NO_LOOT,,NO_LOOT,True,True,True
1087,holdout,holdout_class,data.marincounty.gov,socrata,ACHP ALL OTHER - NON-CRIMINAL,835,OTHER,OTHER,OTHER,,OTHER,True,True,True
1088,holdout,holdout_class,data.montgomerycountymd.gov,socrata,Pocket/picking 2301 LARCENY - POCKET PICKING,862,MASS_1,MASS_1,MASS_1,,MASS_1,True,True,True
1089,holdout,holdout_class,data.montgomerycountymd.gov,socrata,Burglary/Breaking and Entering 2203 BURGLARY - FORCED ENTRY-NONRESIDENTIAL,3049,MASS_5,MASS_4,MASS_4,,MASS_5,True,False,True
1090,holdout,holdout_class,data.montgomerycountymd.gov,socrata,Burglary/Breaking and Entering 2205 BURGLARY - NO FORCED ENTRY-NONRESIDENTIAL,854,MASS_5,MASS_4,MASS_4,,MASS_5,True,False,True
1091,holdout,holdout_class,data.montgomerycountymd.gov,socrata,Burglary/Breaking and Entering 2201 BURGLARY - SAFE-VAULT,15,MASS_4,MASS_4,MASS_4,safe/vault burglary; commercial not stated in the text,MASS_4,True,True,True
1092,holdout,holdout_class,data.montgomerycountymd.gov,socrata,Theft of Motor Vehicle Parts or Accessories 2304 LARCENY - AUTO PARTS,12300,MASS_5,MASS_5,MASS_5,,MASS_5,True,True,True
1093,holdout,holdout_class,data.montgomerycountymd.gov,socrata,All Other Offenses 9104 FIRE (NOT ARSON),392,OTHER,NO_LOOT,NO_LOOT,'FIRE (NOT ARSON)' -- the word arson appears but negated,NO_LOOT,True,False,False
1094,holdout,holdout_class,data.montgomerycountymd.gov,socrata,Arson 2005 ARSON - BUSINESS,22,NO_LOOT,NO_LOOT,NO_LOOT,,NO_LOOT,True,True,True
1095,holdout,holdout_class,data.montgomerycountymd.gov,socrata,Robbery 1201 ROBBERY - BUSINESS-GUN,261,ROBBERY,ROBBERY,ROBBERY,,ROBBERY,True,True,True
1096,holdout,holdout_class,data.montgomerycountymd.gov,socrata,Robbery 1203 ROBBERY - BUSINESS-STRONG-ARM,130,ROBBERY,ROBBERY,ROBBERY,,ROBBERY,True,True,True
1097,holdout,holdout_class,data.princegeorgescountymd.gov,socrata,"ASSAULT, WEAPON",991,OTHER,OTHER,OTHER,,OTHER,True,True,True
1098,holdout,holdout_class,data.sfgov.org,socrata,II Initial Stolen Property,3433,OTHER,MASS_3,MASS_3,possession of stolen property,OTHER,True,False,True
1099,holdout,holdout_class,data.sfgov.org,socrata,II Initial Motor Vehicle Theft,2752,MVT,MVT,MVT,,MVT,True,True,True
1100,holdout,holdout_class,data.sfgov.org,socrata,II Coplogic Initial Forgery And Counterfeiting,129,OTHER,OTHER,OTHER,,OTHER,True,True,True
1101,holdout,holdout_class,data.weho.org,socrata,"1 LARCENY THEFT THEFT, PETTY: From Auto (Except Parts/Accessories)",292,MASS_2,MASS_2,MASS_2,,MASS_2,True,True,True
1102,holdout,holdout_class,data.weho.org,socrata,"1 BURGLARY BURGLARY, OTHER STRUCTURE: Day, Entry By Force",60,MASS_4,MASS_4,MASS_4,,MASS_4,True,True,True
1103,holdout,holdout_class,data.weho.org,socrata,"1 BURGLARY BURGLARY, OTHER STRUCTURE: Day, Attempt",3,MASS_4,MASS_4,MASS_4,,MASS_4,True,True,True
1104,holdout,holdout_class,data.weho.org,socrata,1 ARSON ARSON: All Others,24,NO_LOOT,NO_LOOT,NO_LOOT,,NO_LOOT,True,True,True
1105,holdout,holdout_class,data.weho.org,socrata,"1 ROBBERY ROBBERY, STRONG-ARM: Highway, Etc.",130,ROBBERY,ROBBERY,ROBBERY,,ROBBERY,True,True,True
1106,holdout,holdout_class,fusioncenter.nhit.org,socrata,MOTOR VEHICLE THEFT,1998,MVT,MVT,MVT,,MVT,True,True,True
1107,holdout,holdout_class,performance.fultoncountyga.gov,socrata,Property Theft LARCENY-NON VEHICLE,13211,MASS_3,MASS_3,MASS_3,,MASS_3,False,True,True
1108,holdout,holdout_class,performance.fultoncountyga.gov,socrata,VIOLENT Robbery ROBBERY-RESIDENCE,205,ROBBERY,ROBBERY,ROBBERY,,ROBBERY,False,True,True
