city,unit,model,outcome,target,spec,beta,se,z,pct,lo,hi,n,se_ratio_vs_naive,note,se_ratio_vs_cluster,beta_shift_vs_cluster,pct_shift_vs_cluster,lambda_spatial
cos-seattle,cell,pooled per-degree slope,n_total,slope_deg,0. naive (independence),-0.058957345598251984,0.0008338763602373511,-70.70274252824557,-5.725301939204641,-5.879258438341351,-5.571093608184419,18063,1.0,"reference denominator only; assumes independence, not to be quoted",,,,
cos-seattle,cell,pooled per-degree slope,n_total,slope_deg,a. cluster-robust (primary),-0.058957345598251984,0.006745256026245415,-8.740564534370858,-5.725301939204641,-6.96347680559839,-4.470648845259706,18063,8.089036154383216,SEs clustered on block group,,,,
cos-seattle,cell,pooled per-degree slope,n_total,slope_deg,b. Conley HAC 500 m,-0.058957345598251984,0.006308000981090833,-9.346438875800013,-5.725301939204641,-6.883708478224482,-4.55248432680857,18063,7.564671792944639,Bartlett kernel in distance; point estimate unchanged,0.9351759157171726,,,
cos-seattle,cell,pooled per-degree slope,n_total,slope_deg,b. Conley HAC 1000 m,-0.058957345598251984,0.007302754844016869,-8.073302042523803,-5.725301939204641,-7.065082076879792,-4.3662070933721875,18063,8.757599078523155,Bartlett kernel in distance; point estimate unchanged,1.0826505051257145,,,
cos-seattle,cell,pooled per-degree slope,n_total,slope_deg,b. Conley HAC 2000 m,-0.058957345598251984,0.00848482120747778,-6.948566641132301,-5.725301939204641,-7.2801491129549145,-4.144381063754143,18063,10.17515498947913,Bartlett kernel in distance; point estimate unchanged,1.2578946113333302,,,
cos-seattle,cell,pooled per-degree slope,n_total,slope_deg,b. Conley HAC 4000 m,-0.058957345598251984,0.00997325249844452,-5.911546469664462,-5.725301939204641,-7.550248906520651,-3.8643307382468683,18063,11.960109404715316,Bartlett kernel in distance; point estimate unchanged,1.4785580354013472,,,
cos-seattle,cell,pooled per-degree slope,n_total,slope_deg,c. eigenvector spatial filter (50 EVs),-0.05903649304595184,0.006017855876090047,-9.810220494065629,-5.732763245663253,-6.838113452808736,-4.614298243125381,18063,7.216724400697903,Moran eigenvectors as covariates; SEs still clustered,0.8921612245220797,-7.914744769985799e-05,-0.0074613064586115385,
cos-seattle,cell,pooled per-degree slope,n_total,slope_deg,d. Gaussian SEM on log rate,-0.03472666971821212,0.002993337537909251,-11.601321026584785,-3.413061846870402,-3.9780727063191357,-2.844726358555194,18063,,"LINEAR APPROXIMATION, not comparable to Poisson beta",,,,0.06314853574251292
cos-seattle,cell,relative height (TPI 500 m),n_total,tpi_500_z,0. naive (independence),-0.11258241217580123,0.0028816311002048192,-39.06898845164433,-10.647629315868079,-11.150868748375753,-10.141539546808275,18063,1.0,"reference denominator only; assumes independence, not to be quoted",,,,
cos-seattle,cell,relative height (TPI 500 m),n_total,tpi_500_z,a. cluster-robust (primary),-0.11258241217580123,0.023810265428678257,-4.72831403383691,-10.647629315868079,-14.721731750197032,-6.378889830552281,18063,8.26277361699278,SEs clustered on block group,,,,
cos-seattle,cell,relative height (TPI 500 m),n_total,tpi_500_z,b. Conley HAC 500 m,-0.11258241217580123,0.020872241772447415,-5.393882142761331,-10.647629315868079,-14.229237935657002,-6.916460169897465,18063,7.243203951735484,Bartlett kernel in distance; point estimate unchanged,0.876606849888698,,,
cos-seattle,cell,relative height (TPI 500 m),n_total,tpi_500_z,b. Conley HAC 1000 m,-0.11258241217580123,0.025418598636709065,-4.429135287309341,-10.647629315868079,-14.990133987974662,-6.083299252052243,18063,8.820906546609097,Bartlett kernel in distance; point estimate unchanged,1.0675478907552896,,,
cos-seattle,cell,relative height (TPI 500 m),n_total,tpi_500_z,b. Conley HAC 2000 m,-0.11258241217580123,0.029504847844656516,-3.8157259026906147,-10.647629315868079,-15.668262914802956,-5.328095651477549,18063,10.238939967908934,Bartlett kernel in distance; point estimate unchanged,1.2391650119582214,,,
cos-seattle,cell,relative height (TPI 500 m),n_total,tpi_500_z,b. Conley HAC 4000 m,-0.11258241217580123,0.03518593305274995,-3.1996426528470976,-10.647629315868079,-16.602081999617813,-4.268040038626253,18063,12.210422441043555,Bartlett kernel in distance; point estimate unchanged,1.477763158841996,,,
cos-seattle,cell,relative height (TPI 500 m),n_total,tpi_500_z,c. eigenvector spatial filter (50 EVs),-0.10893839758966538,0.02279205152328871,-4.779666169074473,-10.321434004510955,-14.239427971149144,-6.224445467763684,18063,7.909427241283143,Moran eigenvectors as covariates; SEs still clustered,0.9572363479760643,0.003644014586135849,0.32619531135712343,
cos-seattle,cell,relative height (TPI 500 m),n_total,tpi_500_z,d. Gaussian SEM on log rate,0.016776962177201635,0.011549540759994337,1.4526085950806118,1.6918485744588763,-0.5843000597009707,4.02011023108797,18063,,"LINEAR APPROXIMATION, not comparable to Poisson beta",,,,0.06004546225215677
cos-seattle,cell,theft (all loot classes),n_theft,slope_deg,0. naive (independence),-0.06080115097314396,0.0010543311023980594,-57.66798573508142,-5.898965983656879,-6.093223946544657,-5.70430617377008,18063,1.0,"reference denominator only; assumes independence, not to be quoted",,,,
cos-seattle,cell,theft (all loot classes),n_theft,slope_deg,a. cluster-robust (primary),-0.06080115097314396,0.00786941668625783,-7.726258933437788,-5.898965983656879,-7.339249606502496,-4.4362951374677495,18063,7.463895040522818,SEs clustered on block group,,,,
cos-seattle,cell,theft (all loot classes),n_theft,slope_deg,b. Conley HAC 500 m,-0.06080115097314396,0.007234718680637362,-8.404079502893333,-5.898965983656879,-7.223907154696619,-4.555103245078785,18063,6.861903878375691,Bartlett kernel in distance; point estimate unchanged,0.9193462449727912,,,
cos-seattle,cell,theft (all loot classes),n_theft,slope_deg,b. Conley HAC 1000 m,-0.06080115097314396,0.0082901853476427,-7.3341123778894355,-5.898965983656879,-7.41563603419414,-4.357450614281044,18063,7.862980925808604,Bartlett kernel in distance; point estimate unchanged,1.0534688501270555,,,
cos-seattle,cell,theft (all loot classes),n_theft,slope_deg,b. Conley HAC 2000 m,-0.06080115097314396,0.009481849306446145,-6.412372629863341,-5.898965983656879,-7.631629413692442,-4.133800924083775,18063,8.99323683506996,Bartlett kernel in distance; point estimate unchanged,1.204898620123149,,,
cos-seattle,cell,theft (all loot classes),n_theft,slope_deg,b. Conley HAC 4000 m,-0.06080115097314396,0.01109450737478302,-5.480292988162809,-5.898965983656879,-7.923127338499148,-3.8303067101515986,18063,10.52279246011878,Bartlett kernel in distance; point estimate unchanged,1.409825888894292,,,
cos-seattle,cell,theft (all loot classes),n_theft,slope_deg,c. eigenvector spatial filter (50 EVs),-0.06051986225088235,0.0066116634745905355,-9.153500096226598,-5.872492700891541,-7.084408445348056,-4.644769708726793,18063,6.270955546651723,Moran eigenvectors as covariates; SEs still clustered,0.8401719896388663,0.0002812887222616092,0.026473282765338446,
cos-seattle,cell,theft (all loot classes),n_theft,slope_deg,d. Gaussian SEM on log rate,-0.026408008749958696,0.0026527762498578895,-9.954857199650135,-2.606236654489491,-3.111315622445532,-2.0985247189633904,18063,,"LINEAR APPROXIMATION, not comparable to Poisson beta",,,,-0.00618254948562059
cos-seattle,cell,no-loot (vandalism/arson),n_NO_LOOT,slope_deg,0. naive (independence),-0.07367562295003267,0.002359502330789829,-31.225068942979263,-7.102701751135687,-7.531325004218203,-6.672091685837145,18063,1.0,"reference denominator only; assumes independence, not to be quoted",,,,
cos-seattle,cell,no-loot (vandalism/arson),n_NO_LOOT,slope_deg,a. cluster-robust (primary),-0.07367562295003267,0.008082644905710886,-9.115286370922506,-7.102701751135687,-8.56278343363508,-5.619305289385313,18063,3.425571909905794,SEs clustered on block group,,,,
cos-seattle,cell,no-loot (vandalism/arson),n_NO_LOOT,slope_deg,b. Conley HAC 500 m,-0.07367562295003267,0.0076389014253985385,-9.644792994064439,-7.102701751135687,-8.483222489422982,-5.701356006104463,18063,3.2375053525975805,Bartlett kernel in distance; point estimate unchanged,0.9450992236466041,,,
cos-seattle,cell,no-loot (vandalism/arson),n_NO_LOOT,slope_deg,b. Conley HAC 1000 m,-0.07367562295003267,0.00875514958801213,-8.415118692079462,-7.102701751135687,-8.68322827077781,-5.494819204424428,18063,3.710591625091295,Bartlett kernel in distance; point estimate unchanged,1.0832035416805306,,,
cos-seattle,cell,no-loot (vandalism/arson),n_NO_LOOT,slope_deg,b. Conley HAC 2000 m,-0.07367562295003267,0.009657989024587085,-7.628464141186222,-7.102701751135687,-8.844676372335858,-5.327438063974876,18063,4.093231398230547,Bartlett kernel in distance; point estimate unchanged,1.1949045315306528,,,
cos-seattle,cell,no-loot (vandalism/arson),n_NO_LOOT,slope_deg,b. Conley HAC 4000 m,-0.07367562295003267,0.010387849883851417,-7.092480520397795,-7.102701751135687,-8.974983323835007,-5.191909465497535,18063,4.402559704348394,Bartlett kernel in distance; point estimate unchanged,1.2852042870906975,,,
cos-seattle,cell,no-loot (vandalism/arson),n_NO_LOOT,slope_deg,c. eigenvector spatial filter (50 EVs),-0.07490009484743752,0.007848826055249662,-9.542840460496743,-7.216382268683019,-8.632814603848038,-5.77799149678383,18063,3.3264752286226034,Moran eigenvectors as covariates; SEs still clustered,0.9710714929099488,-0.0012244718974048496,-0.11368051754733255,
cos-seattle,cell,no-loot (vandalism/arson),n_NO_LOOT,slope_deg,d. Gaussian SEM on log rate,-0.021204625829682005,0.0018317817880122774,-11.575956245690048,-2.0981388424207936,-2.449004908368868,-1.7460108006608022,18063,,"LINEAR APPROXIMATION, not comparable to Poisson beta",,,,0.16147482576208247
cincinnati-oh,cell,pooled per-degree slope,n_total,slope_deg,0. naive (independence),-0.06598351275813541,0.001955909132426211,-33.735469436806625,-6.38537013651701,-6.743562468598274,-6.025802009368331,13381,1.0,"reference denominator only; assumes independence, not to be quoted",,,,
cincinnati-oh,cell,pooled per-degree slope,n_total,slope_deg,a. cluster-robust (primary),-0.06598351275813541,0.009235018661537189,-7.1449246803311075,-6.38537013651701,-8.064611017821665,-4.675457171603825,13381,4.7215990295426415,SEs clustered on block group,,,,
cincinnati-oh,cell,pooled per-degree slope,n_total,slope_deg,b. Conley HAC 500 m,-0.06598351275813541,0.008225727472443004,-8.021602098925191,-6.38537013651701,-7.8825634399444455,-4.863842810438324,13381,4.205577516906107,Bartlett kernel in distance; point estimate unchanged,0.8907104331799816,,,
cincinnati-oh,cell,pooled per-degree slope,n_total,slope_deg,b. Conley HAC 1000 m,-0.06598351275813541,0.009103390439477787,-7.24823495123214,-6.38537013651701,-8.040889426050624,-4.700046903677391,13381,4.654301311117388,Bartlett kernel in distance; point estimate unchanged,0.9857468374582048,,,
cincinnati-oh,cell,pooled per-degree slope,n_total,slope_deg,b. Conley HAC 2000 m,-0.06598351275813541,0.00952303108490181,-6.928835175467218,-6.38537013651701,-8.116494299255361,-4.621630861371262,13381,4.868851485492554,Bartlett kernel in distance; point estimate unchanged,1.031186988778286,,,
cincinnati-oh,cell,pooled per-degree slope,n_total,slope_deg,b. Conley HAC 4000 m,-0.06598351275813541,0.009074810431321446,-7.271062382790412,-6.38537013651701,-8.035738025194139,-4.705385154096209,13381,4.6396891761861045,Bartlett kernel in distance; point estimate unchanged,0.982652094588288,,,
cincinnati-oh,cell,pooled per-degree slope,n_total,slope_deg,c. eigenvector spatial filter (50 EVs),-0.05963584886510211,0.008831901517304463,-6.752322673464689,-5.789245934262288,-7.406049499569867,-4.144211002276188,13381,4.515496845371806,Moran eigenvectors as covariates; SEs still clustered,0.9563490709648846,0.0063476638930332965,0.596124202254722,
cincinnati-oh,cell,pooled per-degree slope,n_total,slope_deg,d. Gaussian SEM on log rate,-0.021842211365231796,0.002917183894270063,-7.487430397560573,-2.160539757923796,-2.718358291568468,-1.5995226606959734,13381,,"LINEAR APPROXIMATION, not comparable to Poisson beta",,,,0.7661210471819995
cincinnati-oh,cell,relative height (TPI 500 m),n_total,tpi_500_z,0. naive (independence),0.009871359542462715,0.0047192092558460885,2.091740163934078,0.9920242125520895,0.06219027023510737,1.9304986928979861,13381,1.0,"reference denominator only; assumes independence, not to be quoted",,,,
cincinnati-oh,cell,relative height (TPI 500 m),n_total,tpi_500_z,a. cluster-robust (primary),0.009871359542462715,0.02545304954620071,0.38782620230023396,0.9920242125520895,-3.922652669894555,6.158103215582544,13381,5.393498818614547,SEs clustered on block group,,,,
cincinnati-oh,cell,relative height (TPI 500 m),n_total,tpi_500_z,b. Conley HAC 500 m,0.009871359542462715,0.020926581031747545,0.4717139186514489,0.9920242125520895,-3.0664737965663824,5.2204469807828335,13381,4.4343405636916815,Bartlett kernel in distance; point estimate unchanged,0.8221640001824922,,,
cincinnati-oh,cell,relative height (TPI 500 m),n_total,tpi_500_z,b. Conley HAC 1000 m,0.009871359542462715,0.023988476760559648,0.4115042251741714,0.9920242125520895,-3.6464604002375722,5.853806688528307,13381,5.083155982295778,Bartlett kernel in distance; point estimate unchanged,0.942459830481897,,,
cincinnati-oh,cell,relative height (TPI 500 m),n_total,tpi_500_z,b. Conley HAC 2000 m,0.009871359542462715,0.02721393135954161,0.3627318453936524,0.9920242125520895,-4.253675579962424,6.525122675249184,13381,5.766629510193765,Bartlett kernel in distance; point estimate unchanged,1.0691815654601489,,,
cincinnati-oh,cell,relative height (TPI 500 m),n_total,tpi_500_z,b. Conley HAC 4000 m,0.009871359542462715,0.02570605989128454,0.3840090462797658,0.9920242125520895,-3.9702856414098875,6.210760103509005,13381,5.447111687077712,Bartlett kernel in distance; point estimate unchanged,1.009940276296739,,,
cincinnati-oh,cell,relative height (TPI 500 m),n_total,tpi_500_z,c. eigenvector spatial filter (50 EVs),0.005329200693609873,0.021074511330562862,0.25287422374920326,0.5343426142490504,-3.5337366649750512,4.773976885341935,13381,4.465686980177042,Moran eigenvectors as covariates; SEs still clustered,0.8279758891880435,-0.004542158848852842,-0.4576815983030391,
cincinnati-oh,cell,relative height (TPI 500 m),n_total,tpi_500_z,d. Gaussian SEM on log rate,-0.035108733909931994,0.00999823546174077,-3.5114930073690513,-3.449957208679466,-5.3235858492913675,-1.5392498054801695,13381,,"LINEAR APPROXIMATION, not comparable to Poisson beta",,,,0.7682263257470419
cincinnati-oh,cell,theft (all loot classes),n_theft,slope_deg,0. naive (independence),-0.06515583878771243,0.001963141167769691,-33.18958404898383,-6.307855670200246,-6.6676675669948615,-5.946656637804281,13381,1.0,"reference denominator only; assumes independence, not to be quoted",,,,
cincinnati-oh,cell,theft (all loot classes),n_theft,slope_deg,a. cluster-robust (primary),-0.06515583878771243,0.009257557634573955,-7.038124023595235,-6.307855670200246,-7.992551637248035,-4.592312195131177,13381,4.715686159794301,SEs clustered on block group,,,,
cincinnati-oh,cell,theft (all loot classes),n_theft,slope_deg,b. Conley HAC 500 m,-0.06515583878771243,0.008236410656704272,-7.91070789248189,-6.307855670200246,-7.808219102221614,-4.783074764015504,13381,4.195526430766868,Bartlett kernel in distance; point estimate unchanged,0.8896958551944594,,,
cincinnati-oh,cell,theft (all loot classes),n_theft,slope_deg,b. Conley HAC 1000 m,-0.06515583878771243,0.00910786009389356,-7.153803211294023,-6.307855670200246,-7.9655520305639165,-4.6203013894188345,13381,4.639432071123508,Bartlett kernel in distance; point estimate unchanged,0.9838296939009784,,,
cincinnati-oh,cell,theft (all loot classes),n_theft,slope_deg,b. Conley HAC 2000 m,-0.06515583878771243,0.009531105666497992,-6.836125950920509,-6.307855670200246,-8.041868589909495,-4.54114525262308,13381,4.855028167600501,Bartlett kernel in distance; point estimate unchanged,1.0295486177587947,,,
cincinnati-oh,cell,theft (all loot classes),n_theft,slope_deg,b. Conley HAC 4000 m,-0.06515583878771243,0.00908648622777986,-7.170630885733729,-6.307855670200246,-7.9616963711435895,-4.6242970262239,13381,4.628544486234245,Bartlett kernel in distance; point estimate unchanged,0.9815208920595645,,,
cincinnati-oh,cell,theft (all loot classes),n_theft,slope_deg,c. eigenvector spatial filter (50 EVs),-0.05910882807775355,0.008826969723819956,-6.696389579568382,-5.739581822617779,-7.356342183114806,-4.094606750775465,13381,4.496349966440877,Moran eigenvectors as covariates; SEs still clustered,0.9534879578663498,0.006047010709958882,0.5682738475824678,
cincinnati-oh,cell,theft (all loot classes),n_theft,slope_deg,d. Gaussian SEM on log rate,-0.021549446163853014,0.0029190293010340107,-7.382401456614201,-2.131891575252365,-2.690225412484759,-1.5703541885808803,13381,,"LINEAR APPROXIMATION, not comparable to Poisson beta",,,,0.7644619286267748
sfgov,cell,pooled per-degree slope,n_total,slope_deg,0. naive (independence),-0.07277839435673521,0.001192332872377808,-61.038654592821054,-7.019314235669172,-7.236353828258846,-6.801766834399103,7269,1.0,"reference denominator only; assumes independence, not to be quoted",,,,
sfgov,cell,pooled per-degree slope,n_total,slope_deg,a. cluster-robust (primary),-0.07277839435673521,0.01062968135754923,-6.846714582375302,-7.019314235669172,-8.936449841603855,-5.061817706783989,7269,8.915028348040932,SEs clustered on block group,,,,
sfgov,cell,pooled per-degree slope,n_total,slope_deg,b. Conley HAC 500 m,-0.07277839435673521,0.010377192368107496,-7.013302999027656,-7.019314235669172,-8.891373303061979,-5.108788940885356,7269,8.703267861275013,Bartlett kernel in distance; point estimate unchanged,0.976246796028141,,,
sfgov,cell,pooled per-degree slope,n_total,slope_deg,b. Conley HAC 1000 m,-0.07277839435673521,0.01122161481866672,-6.485554488617019,-7.019314235669172,-9.042039560070837,-4.951607496576738,7269,9.411478185859318,Bartlett kernel in distance; point estimate unchanged,1.0556868490415376,,,
sfgov,cell,pooled per-degree slope,n_total,slope_deg,b. Conley HAC 2000 m,-0.07277839435673521,0.01149710083932001,-6.330151868185201,-7.019314235669172,-9.091139290388329,-4.900272011755991,7269,9.642526097927616,Bartlett kernel in distance; point estimate unchanged,1.0816035262576085,,,
sfgov,cell,pooled per-degree slope,n_total,slope_deg,b. Conley HAC 4000 m,-0.07277839435673521,0.012325230095482526,-5.90483048129139,-7.019314235669172,-9.238576805553667,-4.745787131572399,7269,10.33707145128269,Bartlett kernel in distance; point estimate unchanged,1.1595107775012572,,,
sfgov,cell,pooled per-degree slope,n_total,slope_deg,c. eigenvector spatial filter (50 EVs),-0.08287738347197074,0.010930519036418692,-7.582200186087863,-7.953599559869895,-9.904611146801766,-5.960338904913643,7269,9.167338492161608,Moran eigenvectors as covariates; SEs still clustered,1.0283016648147978,-0.010098989115235532,-0.9342853242007232,
sfgov,cell,pooled per-degree slope,n_total,slope_deg,d. Gaussian SEM on log rate,-0.05990457469978712,0.006387676451087537,-9.378147931958582,-5.814559396441954,-6.986395682001623,-4.627959676111393,7269,,"LINEAR APPROXIMATION, not comparable to Poisson beta",,,,-0.6834104400624551
sfgov,cell,relative height (TPI 500 m),n_total,tpi_500_z,0. naive (independence),-0.0757787358069266,0.0040124336824855136,-18.885978387058408,-7.297869951141145,-8.024054568235927,-6.5659518338835765,7269,1.0,"reference denominator only; assumes independence, not to be quoted",,,,
sfgov,cell,relative height (TPI 500 m),n_total,tpi_500_z,a. cluster-robust (primary),-0.0757787358069266,0.03048050006404361,-2.4861382079593617,-7.297869951141145,-12.673875302405735,-1.5909048368398904,7269,7.596511861888862,SEs clustered on block group,,,,
sfgov,cell,relative height (TPI 500 m),n_total,tpi_500_z,b. Conley HAC 500 m,-0.0757787358069266,0.02636069016210637,-2.874687094340911,-7.297869951141145,-11.96587728332883,-2.382341637532559,7269,6.569750991068633,Bartlett kernel in distance; point estimate unchanged,0.8648378506493998,,,
sfgov,cell,relative height (TPI 500 m),n_total,tpi_500_z,b. Conley HAC 1000 m,-0.0757787358069266,0.02747475100651087,-2.7581227501923062,-7.297869951141145,-12.157895289104637,-2.1689548095534583,7269,6.84740314249669,Bartlett kernel in distance; point estimate unchanged,0.9013878036378254,,,
sfgov,cell,relative height (TPI 500 m),n_total,tpi_500_z,b. Conley HAC 2000 m,-0.0757787358069266,0.025775289756557348,-2.93997609814059,-7.297869951141145,-11.864810299220874,-2.4942824225909543,7269,6.423854397660915,Bartlett kernel in distance; point estimate unchanged,0.8456321156936406,,,
sfgov,cell,relative height (TPI 500 m),n_total,tpi_500_z,b. Conley HAC 4000 m,-0.0757787358069266,0.017636451171289008,-4.296711116706372,-7.297869951141145,-10.447593098390385,-4.037365237571544,7269,4.395449885757129,Bartlett kernel in distance; point estimate unchanged,0.578614233173093,,,
sfgov,cell,relative height (TPI 500 m),n_total,tpi_500_z,c. eigenvector spatial filter (50 EVs),-0.07203691181396887,0.03009429961458252,-2.3937062080375715,-6.950345113820477,-12.28012952902363,-1.296727549297494,7269,7.500260937880603,Moran eigenvectors as covariates; SEs still clustered,0.9873295894539252,0.0037418239929577213,0.34752483732066786,
sfgov,cell,relative height (TPI 500 m),n_total,tpi_500_z,d. Gaussian SEM on log rate,-0.007125930577836255,0.020056311581988347,-0.3552961644371205,-0.7100601335055301,-4.537463295133715,3.27079605239049,7269,,"LINEAR APPROXIMATION, not comparable to Poisson beta",,,,-0.6871465093147361
sfgov,cell,theft (all loot classes),n_theft,slope_deg,0. naive (independence),-0.0800016802253936,0.0014670532495373774,-54.53222659138068,-7.6885204655587565,-7.953573890197763,-7.422703803052933,7269,1.0,"reference denominator only; assumes independence, not to be quoted",,,,
sfgov,cell,theft (all loot classes),n_theft,slope_deg,a. cluster-robust (primary),-0.0800016802253936,0.010094604951214352,-7.925191784327293,-7.6885204655587565,-9.496992693639283,-5.843910523416785,7269,6.880871539187551,SEs clustered on block group,,,,
sfgov,cell,theft (all loot classes),n_theft,slope_deg,b. Conley HAC 500 m,-0.0800016802253936,0.009991302934626667,-8.007131877478493,-7.6885204655587565,-9.478666517836087,-5.862972560864899,7269,6.8104569058944096,Bartlett kernel in distance; point estimate unchanged,0.9897666112654305,,,
sfgov,cell,theft (all loot classes),n_theft,slope_deg,b. Conley HAC 1000 m,-0.0800016802253936,0.010396321578891185,-7.6951909979227615,-7.6885204655587565,-9.550497145592685,-5.788213479137516,7269,7.086533213548708,Bartlett kernel in distance; point estimate unchanged,1.029888898984654,,,
sfgov,cell,theft (all loot classes),n_theft,slope_deg,b. Conley HAC 2000 m,-0.0800016802253936,0.010153758562531897,-7.879021323257142,-7.6885204655587565,-9.507485101622837,-5.832993332022185,7269,6.921192919025807,Bartlett kernel in distance; point estimate unchanged,1.0058599233554384,,,
sfgov,cell,theft (all loot classes),n_theft,slope_deg,b. Conley HAC 4000 m,-0.0800016802253936,0.009830337385865504,-8.138243590746292,-7.6885204655587565,-9.450103212726724,-5.892667400199159,7269,6.700736588099591,Bartlett kernel in distance; point estimate unchanged,0.9738209106125488,,,
sfgov,cell,theft (all loot classes),n_theft,slope_deg,c. eigenvector spatial filter (50 EVs),-0.09058938964384265,0.011127138103476873,-8.141301815561755,-8.660731759496054,-10.631201994453644,-6.646815120049354,7269,7.584685904881585,Moran eigenvectors as covariates; SEs still clustered,1.102285642405284,-0.010587709418449054,-0.9722112939372973,
sfgov,cell,theft (all loot classes),n_theft,slope_deg,d. Gaussian SEM on log rate,-0.054807084199218294,0.00569059955648254,-9.631161647419718,-5.333224249270286,-6.383230696847231,-4.2714409208186925,7269,,"LINEAR APPROXIMATION, not comparable to Poisson beta",,,,-0.6846434781263612
sfgov,cell,no-loot (vandalism/arson),n_NO_LOOT,slope_deg,0. naive (independence),-0.08253068918750885,0.0030720973720708665,-26.864607202172056,-7.921682066445435,-8.47444838219442,-7.365577332140916,7269,1.0,"reference denominator only; assumes independence, not to be quoted",,,,
sfgov,cell,no-loot (vandalism/arson),n_NO_LOOT,slope_deg,a. cluster-robust (primary),-0.08253068918750885,0.013294793735654765,-6.2077449886396625,-7.921682066445435,-10.29004884640825,-5.490789768050142,7269,4.32759516560925,SEs clustered on block group,,,,
sfgov,cell,no-loot (vandalism/arson),n_NO_LOOT,slope_deg,b. Conley HAC 500 m,-0.08253068918750885,0.012915851270403208,-6.389876087891216,-7.921682066445435,-10.223394072621005,-5.560958270899508,7269,4.204245408307737,Bartlett kernel in distance; point estimate unchanged,0.9714969278360982,,,
sfgov,cell,no-loot (vandalism/arson),n_NO_LOOT,slope_deg,b. Conley HAC 1000 m,-0.08253068918750885,0.014701593245272667,-5.613724159729884,-7.921682066445435,-10.53706780784328,-5.229837367033396,7269,4.785523199534033,Bartlett kernel in distance; point estimate unchanged,1.1058158206580568,,,
sfgov,cell,no-loot (vandalism/arson),n_NO_LOOT,slope_deg,b. Conley HAC 2000 m,-0.08253068918750885,0.015972349138608084,-5.167097743187764,-7.921682066445435,-10.759614221376735,-4.9935008740887294,7269,5.199167605758961,Bartlett kernel in distance; point estimate unchanged,1.2013987923537686,,,
sfgov,cell,no-loot (vandalism/arson),n_NO_LOOT,slope_deg,b. Conley HAC 4000 m,-0.08253068918750885,0.017380445294955478,-4.748479557739677,-7.921682066445435,-11.00556639408179,-4.730933273685867,7269,5.657517711829398,Bartlett kernel in distance; point estimate unchanged,1.3073121434252546,,,
sfgov,cell,no-loot (vandalism/arson),n_NO_LOOT,slope_deg,c. eigenvector spatial filter (50 EVs),-0.0874400260210853,0.013803457500729083,-6.334646664900212,-8.372617741003596,-10.81834265757211,-5.859821068361337,7269,4.493170570119113,Moran eigenvectors as covariates; SEs still clustered,1.0382603728337771,-0.004909336833576458,-0.45093567455816164,
sfgov,cell,no-loot (vandalism/arson),n_NO_LOOT,slope_deg,d. Gaussian SEM on log rate,-0.042682967543368006,0.0040128246197472005,-10.636639172647655,-4.178487278701793,-4.929180510268161,-3.421866462510137,7269,,"LINEAR APPROXIMATION, not comparable to Poisson beta",,,,-0.562846846548008
sfgov,segment,pooled per-degree slope,n_total,slope_deg,0. naive (independence),-0.06290002746273166,0.0011145335340017554,-56.43619105554215,-6.096265305715498,-6.301172783618803,-5.8909097210882555,11649,1.0,"reference denominator only; assumes independence, not to be quoted",,,,
sfgov,segment,pooled per-degree slope,n_total,slope_deg,a. cluster-robust (primary),-0.06290002746273166,0.015309406173050972,-4.1085870184471345,-6.096265305715498,-8.872126592326246,-3.235848047431489,11649,13.736155715371108,SEs clustered on block group,,,,
sfgov,segment,pooled per-degree slope,n_total,slope_deg,b. Conley HAC 500 m,-0.06290002746273166,0.014144710269453657,-4.446894016526306,-6.096265305715498,-8.663861897744185,-3.456489701125365,11649,12.691148213967853,Bartlett kernel in distance; point estimate unchanged,0.923922855633191,,,
sfgov,segment,pooled per-degree slope,n_total,slope_deg,b. Conley HAC 1000 m,-0.06290002746273166,0.0140824927146163,-4.4665407422826044,-6.096265305715498,-8.652723104675308,-3.4682621175553985,11649,12.635324362159677,Bartlett kernel in distance; point estimate unchanged,0.9198588472625151,,,
sfgov,segment,pooled per-degree slope,n_total,slope_deg,b. Conley HAC 2000 m,-0.06290002746273166,0.013041514600595359,-4.8230615376422765,-6.096265305715498,-8.466155429381717,-3.665016684276179,11649,11.701320958705956,Bartlett kernel in distance; point estimate unchanged,0.8518628647760509,,,
sfgov,segment,pooled per-degree slope,n_total,slope_deg,b. Conley HAC 4000 m,-0.06290002746273166,0.013753277188309338,-4.573457409569146,-6.096265305715498,-8.593761117737575,-3.530530329634818,11649,12.33994022497279,Bartlett kernel in distance; point estimate unchanged,0.8983547129684968,,,
sfgov,segment,pooled per-degree slope,n_total,slope_deg,c. eigenvector spatial filter (50 EVs),-0.07470362046832241,0.013455323749700257,-5.551974954893715,-7.198150874054887,-9.613571314270985,-4.718182514556569,11649,12.072605569245317,Moran eigenvectors as covariates; SEs still clustered,0.8788925969829945,-0.011803593005590751,-1.101885568339389,
sfgov,segment,pooled per-degree slope,n_total,slope_deg,d. Gaussian SEM on log rate,-0.03417521912935169,0.008530845506164208,-4.006076432243135,-3.359784234314356,-4.962218772967441,-1.7303310045942544,11649,,"LINEAR APPROXIMATION, not comparable to Poisson beta",,,,-0.25628613747226303
sfgov,segment,theft (all loot classes),n_theft,slope_deg,0. naive (independence),-0.06527496825401402,0.001358576776883197,-48.04658033664151,-6.3190165005458265,-6.56813937473485,-6.069229375361173,11649,1.0,"reference denominator only; assumes independence, not to be quoted",,,,
sfgov,segment,theft (all loot classes),n_theft,slope_deg,a. cluster-robust (primary),-0.06527496825401402,0.016388367571926774,-3.9830061150098834,-6.3190165005458265,-9.280346793442018,-3.261020526138947,11649,12.062893942235961,SEs clustered on block group,,,,
sfgov,segment,theft (all loot classes),n_theft,slope_deg,b. Conley HAC 500 m,-0.06527496825401402,0.015656036734969916,-4.169316242610327,-6.3190165005458265,-9.150037167512693,-3.3997769970828817,11649,11.52385128420014,Bartlett kernel in distance; point estimate unchanged,0.9553139851334956,,,
sfgov,segment,theft (all loot classes),n_theft,slope_deg,b. Conley HAC 1000 m,-0.06527496825401402,0.014935989499106522,-4.370314284026431,-6.3190165005458265,-9.021730771229164,-3.536012018904666,11649,10.993850147631838,Bartlett kernel in distance; point estimate unchanged,0.9113775019723032,,,
sfgov,segment,theft (all loot classes),n_theft,slope_deg,b. Conley HAC 2000 m,-0.06527496825401402,0.013288564312233133,-4.912115915631567,-6.3190165005458265,-8.727491395582454,-3.8469874049211206,11649,9.781239116069191,Bartlett kernel in distance; point estimate unchanged,0.810853445525374,,,
sfgov,segment,theft (all loot classes),n_theft,slope_deg,b. Conley HAC 4000 m,-0.06527496825401402,0.013551315289150956,-4.816873259990674,-6.3190165005458265,-8.774483898135465,-3.7974566279748156,11649,9.97464075621839,Bartlett kernel in distance; point estimate unchanged,0.8268862185129604,,,
sfgov,segment,theft (all loot classes),n_theft,slope_deg,c. eigenvector spatial filter (50 EVs),-0.07861992448605473,0.014760297245356234,-5.326445882435701,-7.5608803855066515,-10.196847642020767,-4.847540306380282,11649,10.864529334307356,Moran eigenvectors as covariates; SEs still clustered,0.9006569556470395,-0.013344956232040711,-1.241863884960825,
sfgov,segment,theft (all loot classes),n_theft,slope_deg,d. Gaussian SEM on log rate,-0.031105165347957514,0.007707670551555041,-4.03561168577476,-3.0626376799061883,-4.516067585872696,-1.5870840674882536,11649,,"LINEAR APPROXIMATION, not comparable to Poisson beta",,,,-0.2575019875559401
sfgov,segment,no-loot (vandalism/arson),n_NO_LOOT,slope_deg,0. naive (independence),-0.0708343065287334,0.003026100852319682,-23.40778116315416,-6.8383757931113065,-7.3892966608088635,-6.284177617375686,11649,1.0,"reference denominator only; assumes independence, not to be quoted",,,,
sfgov,segment,no-loot (vandalism/arson),n_NO_LOOT,slope_deg,a. cluster-robust (primary),-0.0708343065287334,0.018484186672179593,-3.832157064034934,-6.8383757931113065,-10.153121303127433,-3.4013384688937998,11649,6.108252029343434,SEs clustered on block group,,,,
sfgov,segment,no-loot (vandalism/arson),n_NO_LOOT,slope_deg,b. Conley HAC 500 m,-0.0708343065287334,0.015751236960771433,-4.497063100831176,-6.8383757931113065,-9.670557889500763,-3.9173936860088743,11649,5.205126243131386,Bartlett kernel in distance; point estimate unchanged,0.8521466072661178,,,
sfgov,segment,no-loot (vandalism/arson),n_NO_LOOT,slope_deg,b. Conley HAC 1000 m,-0.0708343065287334,0.016685466300435194,-4.245269820651394,-6.8383757931113065,-9.835807843108746,-3.741296658396265,11649,5.513850038290962,Bartlett kernel in distance; point estimate unchanged,0.9026886925757118,,,
sfgov,segment,no-loot (vandalism/arson),n_NO_LOOT,slope_deg,b. Conley HAC 2000 m,-0.0708343065287334,0.016186883752665755,-4.376031088569965,-6.8383757931113065,-9.747654363792845,-3.835316814373191,11649,5.349089320753328,Bartlett kernel in distance; point estimate unchanged,0.8757152283594122,,,
sfgov,segment,no-loot (vandalism/arson),n_NO_LOOT,slope_deg,b. Conley HAC 4000 m,-0.0708343065287334,0.018106354316815204,-3.9121241796837167,-6.8383757931113065,-10.086560427005464,-3.472848262916306,11649,5.983394209395113,Bartlett kernel in distance; point estimate unchanged,0.9795591571289928,,,
sfgov,segment,no-loot (vandalism/arson),n_NO_LOOT,slope_deg,c. eigenvector spatial filter (50 EVs),-0.07950314009719801,0.01619221932151493,-4.909959439072109,-7.642488015159287,-10.527591214969634,-4.664352554492368,11649,5.35085250351212,Moran eigenvectors as covariates; SEs still clustered,0.8760038842220585,-0.00866883356846461,-0.8041122220479808,
sfgov,segment,no-loot (vandalism/arson),n_NO_LOOT,slope_deg,d. Gaussian SEM on log rate,-0.02738332645254317,0.004921807616984543,-5.563672655153511,-2.701180208411036,-3.6352841360965504,-1.7580216164752693,11649,,"LINEAR APPROXIMATION, not comparable to Poisson beta",,,,-0.24079689381615624
